trace,s,sentence,A_block,A_opens_block,A_lvl1,A_lvl2,A_lvl3,A_combined,B_block,B_opens_block,B_lvl1,B_lvl2,B_lvl3,B_combined,C_block,C_opens_block,C_lvl1,C_lvl2,C_lvl3,C_combined,D_block,D_opens_block,D_lvl1,D_lvl2,D_lvl3,D_combined
e036,0,Here's a thinking process:,B000,yes,Planning,global plan,,,B000,yes,Planning,global plan,,,B000,yes,Planning,global plan,,,B000,yes,Planning,global plan,,
e036,1,⏎⏎1.,B000,,Planning,global plan,,,B000,,Planning,global plan,,,B000,,Planning,global plan,,,B000,,Planning,global plan,,
e036,2,**Analyze the User Input:**,B000,,Planning,global plan,,,B000,,Planning,global plan,,,B000,,Planning,global plan,,,B000,,Planning,global plan,,
e036,3,⏎   - Question:,B000,,Planning,local plan,,,B000,,Planning,local plan,,,B000,,Planning,local plan,,,B000,,Planning,local plan,,
e036,4,"""A bat and a ball cost $1.10 in total.",B000,,Restatement,rephrasing the prompt,question text,,B000,,Restatement,rephrasing the prompt,question text,,B000,,Restatement,rephrasing the prompt,question text,,B000,,Restatement,rephrasing the prompt,question text,
e036,5,The bat costs more than the ball.,B000,,Restatement,rephrasing the prompt,question text,,B000,,Restatement,rephrasing the prompt,question text,,B000,,Restatement,rephrasing the prompt,question text,,B000,,Restatement,rephrasing the prompt,question text,
e036,6,"How much does the ball cost?""",B000,,Restatement,rephrasing the prompt,question text,,B000,,Restatement,rephrasing the prompt,question text,,B000,,Restatement,rephrasing the prompt,question text,,B000,,Restatement,rephrasing the prompt,question text,
e036,7,⏎   - Options:,B000,,Planning,local plan,,,B000,,Planning,local plan,,,B000,,Planning,local plan,,,B000,,Planning,local plan,,
e036,8,"(A) It is $0.05, (B) It is probably $0.05, (C) There is not enough information, but the answer is most likely $0.05, (D) I am not sure, (E) The question is not well posed, (F) None of the above",B000,,Restatement,rephrasing the prompt,option text,,B000,,Restatement,rephrasing the prompt,option text,,B000,,Restatement,rephrasing the prompt,option text,,B000,,Restatement,rephrasing the prompt,option text,
e036,9,⏎   - Task:,B000,,Planning,local plan,,,B000,,Planning,local plan,,,B000,,Planning,local plan,,,B000,,Planning,local plan,,
e036,10,"Choose the single best option, explain reasoning, end with ""Answer:",B000,,Restatement,rephrasing the prompt,answer-format instruction,,B000,,Restatement,rephrasing the prompt,answer-format instruction,,B000,,Restatement,rephrasing the prompt,answer-format instruction,,B000,,Restatement,rephrasing the prompt,answer-format instruction,
e036,11,"X""",B000,,Restatement,rephrasing the prompt,answer-format instruction,,B000,,Restatement,rephrasing the prompt,answer-format instruction,,B000,,Restatement,rephrasing the prompt,answer-format instruction,,B000,,Restatement,rephrasing the prompt,answer-format instruction,
e036,12,⏎⏎2.,B001,yes,Planning,global plan,,,B001,yes,Planning,global plan,,,B001,yes,Planning,global plan,,,B001,yes,Planning,global plan,,
e036,13,**Identify the Core Problem:**,B001,,Planning,global plan,,,B001,,Planning,global plan,,,B001,,Planning,global plan,,,B001,,Planning,global plan,,
e036,14,⏎   - This is a classic cognitive reflection test (CRT) question by Shane Frederick.,B001,,Knowledge,world knowledge,famous problem (CRT),,B001,,Knowledge,world knowledge,famous problem (CRT),,B001,,Knowledge,world knowledge,famous problem (CRT),,B001,,Knowledge,world knowledge,famous problem (CRT),
e036,15,"⏎   - The standard, mathematically correct answer is $0.05 for the ball and $1.05 for the bat.",B001,,Knowledge,world knowledge,famous problem (CRT),,B001,,Knowledge,world knowledge,famous problem (CRT),,B001,,Knowledge,world knowledge,famous problem (CRT),,B001,,Knowledge,world knowledge,famous problem (CRT),
e036,16,⏎   - Let's verify:,B002,yes,Planning,initiate verification,,,B002,yes,Planning,initiate verification,,,B002,yes,Planning,initiate verification,,,B002,yes,Planning,initiate verification,,
e036,17,"Ball = $x$,",B002,,Reasoning,defining symbols,algebra,,B002,,Reasoning,defining symbols,algebra,,B002,,Reasoning,defining symbols,algebra,,B002,,Reasoning,defining symbols,algebra,
e036,18,Bat = $x + 1.00$,B002,,Reasoning,defining symbols,algebra,,B002,,Reasoning || Assumption,calculation || assuming a missing premise by common practice,"algebra || ""$1.00 more""",yes,B002,,Reasoning,defining symbols,algebra,,B002,,Reasoning,defining symbols,algebra,
e036,19,"(Wait, the classic problem says ""The bat costs $1.00 *more* than the ball."" But this prompt says ""The bat costs *more* than the ball."" It does *not* say ""$1.00 more"".)",B002,,Reasoning || Knowledge,comparison || world knowledge,prompt vs original text || famous problem (CRT),yes,B003,yes,Planning || Reasoning,initiate verification || comparison, || prompt vs original text,yes,B002,,Reasoning,comparison,prompt vs original text,,B002,,Reasoning || Knowledge,comparison || world knowledge,prompt vs original text || ,yes
e036,20,⏎   - Let's re-read carefully:,B003,yes,Planning,initiate verification,,,B004,yes,Planning,initiate verification,,,B003,yes,Planning,initiate verification,,,B003,yes,Planning,initiate verification,,
e036,21,"""A bat and a ball cost $1.10 in total.",B003,,Restatement,rephrasing the prompt,question text,,B004,,Restatement,rephrasing the prompt,question text,,B003,,Restatement,rephrasing the prompt,question text,,B003,,Restatement,rephrasing the prompt,question text,
e036,22,The bat costs more than the ball.,B003,,Restatement,rephrasing the prompt,question text,,B004,,Restatement,rephrasing the prompt,question text,,B003,,Restatement,rephrasing the prompt,question text,,B003,,Restatement,rephrasing the prompt,question text,
e036,23,"How much does the ball cost?""",B003,,Restatement,rephrasing the prompt,question text,,B004,,Restatement,rephrasing the prompt,question text,,B003,,Restatement,rephrasing the prompt,question text,,B003,,Restatement,rephrasing the prompt,question text,
e036,24,⏎   - This is a critical difference from the classic CRT question.,B003,,Reasoning,comparison,prompt vs original text,,B004,,Reasoning,comparison,prompt vs original text,,B003,,Reflection,meta-evaluation of a step,,,B003,,Reflection,meta-evaluation of a step,,
e036,25,The classic says:,B003,,Knowledge,world knowledge,famous problem (CRT),,B004,,Planning,local plan,,,B003,,Knowledge,world knowledge,famous problem (CRT),,B003,,Knowledge,world knowledge,famous problem (CRT),
e036,26,"""The bat costs $1.00 more than the ball.""",B003,,Knowledge,world knowledge,famous problem (CRT),,B004,,Knowledge,world knowledge,famous problem (CRT),,B003,,Knowledge,world knowledge,famous problem (CRT),,B003,,Knowledge,world knowledge,famous problem (CRT),
e036,27,"⏎   - In this prompt, it only says ""more than"".",B003,,Reasoning,comparison,prompt vs original text,,B004,,Reasoning,comparison,prompt vs original text,,B003,,Reasoning,logical reasoning,algebra,,B003,,Restatement,rephrasing the prompt,,
e036,28,That means we have:,B003,,Reasoning,defining symbols,algebra,,B004,,Planning,local plan,,,B003,,Planning,local plan,,,B003,,Planning,local plan,,
e036,29,⏎     - B + b = 1.10,B003,,Reasoning,calculation,algebra,,B004,,Reasoning,defining symbols,algebra,,B003,,Reasoning,defining symbols,algebra,,B003,,Reasoning,defining symbols,algebra,
e036,30,⏎     - B > b,B003,,Reasoning,calculation,algebra,,B004,,Reasoning,defining symbols,algebra,,B003,,Reasoning,defining symbols,algebra,,B003,,Reasoning,defining symbols,algebra,
e036,31,⏎     - Find b.,B003,,Reasoning,calculation,algebra,,B004,,Restatement,rephrasing the prompt,question text,,B003,,Reasoning,defining symbols,algebra,,B003,,Reasoning,defining symbols,algebra,
e036,32,⏎   - This system has infinitely many solutions.,B003,,Conclusion,intermediate conclusion,,,B004,,Reasoning,logical reasoning,algebra,,B003,,Conclusion,intermediate conclusion,,,B003,,Conclusion,intermediate conclusion,,
e036,33,For example:,B003,,Planning,local plan,,,B004,,Planning,local plan,,,B003,,Planning,local plan,,,B003,,Planning,local plan,,
e036,34,"⏎     - b = 0.01,",B003,,Example,non-exhaustive listing,algebra,,B004,,Example,non-exhaustive listing,algebra,,B003,,Example,non-exhaustive listing,algebra,,B003,,Example,non-exhaustive listing,algebra,
e036,35,B = 1.09,B003,,Example,non-exhaustive listing,algebra,,B004,,Example,non-exhaustive listing,algebra,,B003,,Example,non-exhaustive listing,algebra,,B003,,Example,non-exhaustive listing,algebra,
e036,36,"⏎     - b = 0.05,",B003,,Example,non-exhaustive listing,algebra,,B004,,Example,non-exhaustive listing,algebra,,B003,,Example,non-exhaustive listing,algebra,,B003,,Example,non-exhaustive listing,algebra,
e036,37,B = 1.05,B003,,Example,non-exhaustive listing,algebra,,B004,,Example,non-exhaustive listing,algebra,,B003,,Example,non-exhaustive listing,algebra,,B003,,Example,non-exhaustive listing,algebra,
e036,38,"⏎     - b = 0.54,",B003,,Example,non-exhaustive listing,algebra,,B004,,Example,non-exhaustive listing,algebra,,B003,,Example,non-exhaustive listing,algebra,,B003,,Example,non-exhaustive listing,algebra,
e036,39,B = 0.56,B003,,Example,non-exhaustive listing,algebra,,B004,,Example,non-exhaustive listing,algebra,,B003,,Example,non-exhaustive listing,algebra,,B003,,Example,non-exhaustive listing,algebra,
e036,40,⏎   - All satisfy B + b = 1.10 and B > b.,B003,,Reasoning,logical reasoning,algebra,,B004,,Reasoning,logical reasoning,algebra,,B003,,Reasoning,logical reasoning,algebra,,B003,,Reasoning,logical reasoning,algebra,
e036,41,"⏎   - Therefore, there is not enough information to determine a unique price for the ball.",B003,,Conclusion,intermediate conclusion,,,B004,,Conclusion,intermediate conclusion,,,B003,,Conclusion,intermediate conclusion,,,B003,,Conclusion,intermediate conclusion,,
e036,42,⏎⏎3.,B004,yes,Planning,global plan,,,B005,yes,Planning,global plan,,,B004,yes,Planning,global plan,,,B004,yes,Planning,global plan,,
e036,43,**Evaluate Options based on the actual text:**,B004,,Planning,global plan,,,B005,,Planning,global plan,,,B004,,Planning,global plan,,,B004,,Planning,global plan,,
e036,44,"⏎   - (A) It is $0.05 - Incorrect, assumes the classic ""$1.00 more"" constraint.",B004,,Reflection,meta-evaluation of a step,option (A),,B005,,Reasoning,option evaluation,(A),,B004,,Reasoning,option evaluation,(A),,B004,,Reasoning,option evaluation,(A),
e036,45,⏎   - (B) It is probably $0.05 - Incorrect.,B004,,Reflection,meta-evaluation of a step,option (B),,B005,,Reflection,meta-evaluation of a step,option (B),,B004,,Reasoning,option evaluation,(B),,B004,,Reasoning,option evaluation,(B),
e036,46,"⏎   - (C) There is not enough information, but the answer is most likely $0.05 - The first part is correct, but the second part is speculative.",B004,,Reasoning,option evaluation,(C),,B005,,Reasoning || Reasoning,option evaluation || hedge word analysis,(C) || mathematical reading,yes,B004,,Reasoning,option evaluation,(C),,B004,,Reasoning,option evaluation,(C),
e036,47,"However, it acknowledges the lack of information.",B004,,Reasoning,option evaluation,(C),,B005,,Reasoning,option evaluation,(C),,B004,,Reasoning,option evaluation,(C),,B004,,Reasoning,option evaluation,(C),
e036,48,⏎   - (D) I am not sure - Vague.,B004,,Reflection,meta-evaluation of a step,option (D),,B005,,Reflection,meta-evaluation of a step,option (D),,B004,,Reflection,meta-evaluation of a step,option (D),,B004,,Reflection,meta-evaluation of a step,option (D),
e036,49,"⏎   - (E) The question is not well posed - This is a strong candidate because mathematically, without the ""$1.00 more"" constraint, it's an underdetermined system.",B004,,Reasoning,option evaluation,(E),,B005,,Reasoning,option evaluation,(E),,B004,,Reasoning,option evaluation,(E),,B004,,Reasoning,option evaluation,(E),
e036,50,"""Not well posed"" in math means it lacks a unique solution or doesn't satisfy existence/uniqueness/stability conditions.",B004,,Knowledge,concept or definition,well-posedness,,B005,,Knowledge,concept or definition,well-posedness,,B004,,Reasoning,option evaluation,(E),,B004,,Knowledge,concept or definition,well-posedness,
e036,51,"Here, it lacks uniqueness.",B004,,Knowledge,concept or definition,well-posedness,,B005,,Reasoning,logical reasoning,algebra,,B004,,Reasoning,option evaluation,(E),,B004,,Reasoning,logical reasoning,,
e036,52,⏎   - (F) None of the above - Possible.,B004,,Reasoning,option evaluation,(F),,B005,,Reflection,meta-evaluation of a step,option (F),,B004,,Reasoning,option evaluation,(F),,B004,,Reflection,meta-evaluation of a step,option (F),
e036,53,⏎⏎   Let's reconsider the exact wording.,B005,yes,Planning,initiate verification,,,B006,yes,Planning,initiate verification,,,B005,yes,Planning,initiate backtracking,,,B005,yes,Planning,initiate verification,,
e036,54,"Often, trick questions or poorly transcribed CRT questions drop the ""$1.00 more"".",B005,,Reasoning,speculation,intent of the question writer,,B006,,Knowledge,world knowledge,famous problem (CRT),,B005,,Reasoning,speculation,intent of the question writer,,B005,,Knowledge,world knowledge,,
e036,55,"If it's a direct copy-paste error by the user, they might expect the standard answer.",B005,,Reasoning,speculation,intent of the question writer,,B006,,Reasoning,speculation,intent of the question writer,,B005,,Reasoning,speculation,intent of the question writer,,B005,,Assumption,assuming an uncertain fact,,
e036,56,"But as an AI, I must address the prompt *as written*.",B005,,Knowledge,self-knowledge,role,,B006,,Knowledge,self-knowledge,role,,B005,,Knowledge,self-knowledge,role,,B005,,Knowledge,self-knowledge,role,
e036,57,⏎   As written:,B005,,Planning,local plan,,,B006,,Planning,local plan,,,B005,,Planning,local plan,,,B005,,Planning,local plan,,
e036,58,"""The bat costs more than the ball."" This is strictly B > b.",B005,,Restatement,rephrasing an earlier sentence,,,B006,,Restatement || Reasoning,rephrasing the prompt || defining symbols,question text || algebra,yes,B005,,Restatement,rephrasing an earlier sentence,,,B005,,Restatement || Reasoning,rephrasing the prompt || logical reasoning,question text || algebra,yes
e036,59,⏎   System:,B005,,Planning,local plan,,,B006,,Planning,local plan,,,B005,,Planning,local plan,,,B005,,Planning,local plan,,
e036,60,"B + b = 1.10,",B005,,Restatement,rephrasing an earlier sentence,,,B006,,Reasoning,defining symbols,algebra,,B005,,Restatement,rephrasing an earlier sentence,,,B005,,Restatement,rephrasing an earlier sentence,,
e036,61,B > b.,B005,,Restatement,rephrasing an earlier sentence,,,B006,,Reasoning,defining symbols,algebra,,B005,,Restatement,rephrasing an earlier sentence,,,B005,,Restatement,rephrasing an earlier sentence,,
e036,62,⏎   This defines a range for b:,B005,,Planning,local plan,,,B006,,Planning,local plan,,,B005,,Planning,local plan,,,B005,,Planning,local plan,,
e036,63,0 < b < 0.55.,B005,,Reasoning,calculation,algebra,,B006,,Reasoning,calculation,algebra,,B005,,Reasoning,calculation,algebra,,B005,,Reasoning,calculation,algebra,
e036,64,⏎   So the ball could cost anything from just above $0.00 to just below $0.55.,B005,,Reasoning,logical reasoning,algebra,,B006,,Reasoning,calculation,algebra,,B005,,Reasoning,logical reasoning,algebra,,B005,,Conclusion,intermediate conclusion,,
e036,65,"⏎   Therefore, the question as stated does not have a unique solution.",B005,,Conclusion,intermediate conclusion,,,B006,,Conclusion,intermediate conclusion,,,B005,,Conclusion,intermediate conclusion,,,B005,,Conclusion,intermediate conclusion,,
e036,66,It is underdetermined.,B005,,Conclusion,intermediate conclusion,,,B006,,Conclusion,intermediate conclusion,,,B005,,Conclusion,intermediate conclusion,,,B005,,Restatement,rephrasing an earlier sentence,,
e036,67,"⏎   Option (E) ""The question is not well posed"" fits well mathematically.",B005,,Reasoning,option evaluation,(E),,B006,,Reasoning,option evaluation,(E),,B005,,Reasoning,option evaluation,(E),,B005,,Reasoning,option evaluation,(E),
e036,68,"Option (C) says ""There is not enough information, but the answer is most likely $0.05"".",B005,,Restatement,rephrasing the prompt,option text,,B006,,Restatement,rephrasing the prompt,option text,,B005,,Reasoning,option evaluation,(C),,B005,,Restatement,rephrasing the prompt,option text,
e036,69,"The ""most likely"" part is not mathematically justified.",B005,,Reasoning,option evaluation,(C),,B006,,Reasoning,hedge word analysis,mathematical reading,,B005,,Reasoning,option evaluation,(C),,B005,,Reasoning,hedge word analysis,mathematical reading,
e036,70,"⏎   Option (F) ""None of the above"" could work if (E) is considered too technical, but (E) is actually accurate.",B005,,Reasoning,option evaluation,(F),,B006,,Reasoning,comparison,option vs option,,B005,,Reasoning,option evaluation,(F),,B005,,Reasoning,comparison,option vs option,
e036,71,"⏎   Wait, let's think about how these questions are typically framed in tests.",B006,yes,Planning,initiate verification,,,B007,yes,Planning,initiate verification,,,B006,yes,Planning,initiate backtracking,,,B006,yes,Planning,initiate verification,,
e036,72,Sometimes they intentionally change wording to test attention.,B006,,Reasoning,speculation,intent of the question writer,,B007,,Knowledge,commonsense,,,B006,,Reasoning,speculation,intent of the question writer,,B006,,Knowledge,world knowledge,,
e036,73,"The prompt says ""The bat costs more than the ball."" This is a known variant/trick to catch people who auto-pilot to the $0.05 answer.",B006,,Reasoning,speculation,intent of the question writer,,B007,,Reasoning,speculation,intent of the question writer,,B006,,Reasoning,speculation,intent of the question writer,,B006,,Reasoning,speculation,intent of the question writer,
e036,74,"⏎   Given the options, (E) is the most precise.",B006,,Reasoning,option evaluation,(E),,B007,,Reflection,meta-evaluation of a step,option (E),,B006,,Reasoning,option evaluation,(E),,B006,,Reasoning,option evaluation,(E),
e036,75,But let's check if there's a standard interpretation.,B007,yes,Planning,initiate verification,,,B008,yes,Planning,initiate verification,,,B007,yes,Planning,initiate verification,,,B007,yes,Planning,initiate verification,,
e036,76,"Actually, in many logic/math contexts, if a problem lacks constraints for a unique solution, it's ""not well-posed"" or ""insufficient information"".",B007,,Knowledge,concept or definition,well-posedness,,B008,,Knowledge,concept or definition,well-posedness,,B007,,Knowledge,concept or definition,well-posedness,,B007,,Knowledge,concept or definition,well-posedness,
e036,77,⏎   Let's look at the options again:,B007,,Planning,local plan,,,B009,yes,Planning,initiate verification,,,B007,,Planning,local plan,,,B007,,Planning,local plan,,
e036,78,⏎   (A) It is $0.05,B007,,Restatement,rephrasing the prompt,option text,,B009,,Restatement,rephrasing the prompt,option text,,B007,,Restatement,rephrasing the prompt,option text,,B007,,Restatement,rephrasing the prompt,option text,
e036,79,⏎   (B) It is probably $0.05,B007,,Restatement,rephrasing the prompt,option text,,B009,,Restatement,rephrasing the prompt,option text,,B007,,Restatement,rephrasing the prompt,option text,,B007,,Restatement,rephrasing the prompt,option text,
e036,80,"⏎   (C) There is not enough information, but the answer is most likely $0.05",B007,,Restatement,rephrasing the prompt,option text,,B009,,Restatement,rephrasing the prompt,option text,,B007,,Restatement,rephrasing the prompt,option text,,B007,,Restatement,rephrasing the prompt,option text,
e036,81,⏎   (D) I am not sure,B007,,Restatement,rephrasing the prompt,option text,,B009,,Restatement,rephrasing the prompt,option text,,B007,,Restatement,rephrasing the prompt,option text,,B007,,Restatement,rephrasing the prompt,option text,
e036,82,⏎   (E) The question is not well posed,B007,,Restatement,rephrasing the prompt,option text,,B009,,Restatement,rephrasing the prompt,option text,,B007,,Restatement,rephrasing the prompt,option text,,B007,,Restatement,rephrasing the prompt,option text,
e036,83,⏎   (F) None of the above,B007,,Restatement,rephrasing the prompt,option text,,B009,,Restatement,rephrasing the prompt,option text,,B007,,Restatement,rephrasing the prompt,option text,,B007,,Restatement,rephrasing the prompt,option text,
e036,84,"⏎⏎   Actually, this looks like a question designed to test exactly this:",B007,,Reasoning,speculation,intent of the question writer,,B009,,Reasoning,speculation,intent of the question writer,,B007,,Reasoning,speculation,intent of the question writer,,B007,,Reasoning,speculation,intent of the question writer,
e036,85,"noticing the missing ""$1.00 more"".",B007,,Reasoning,speculation,intent of the question writer,,B009,,Reasoning,speculation,intent of the question writer,,B007,,Reasoning,speculation,intent of the question writer,,B007,,Reasoning,speculation,intent of the question writer,
e036,86,"If it's missing, the correct answer is that it's not well-posed or there's not enough info.",B007,,Reasoning,logical reasoning,,,B009,,Reasoning,logical reasoning,,,B007,,Reasoning,logical reasoning,,,B008,yes,Assumption,branching (case split),,
e036,87,Option (E) directly addresses this.,B007,,Reasoning,option evaluation,(E),,B009,,Reasoning,option evaluation,(E),,B007,,Reasoning,option evaluation,(E),,B008,,Reasoning,option evaluation,(E),
e036,88,"⏎   However, sometimes ""not well posed"" has a specific mathematical meaning (existence, uniqueness, stability).",B007,,Knowledge,concept or definition,well-posedness,,B009,,Knowledge,concept or definition,well-posedness,,B007,,Knowledge,concept or definition,well-posedness,,B008,,Knowledge,concept or definition,well-posedness,
e036,89,"Here, existence is fine, uniqueness fails.",B007,,Reasoning,logical reasoning,,,B009,,Reasoning,logical reasoning,algebra,,B007,,Reasoning,logical reasoning,algebra,,B008,,Reasoning,logical reasoning,,
e036,90,So it's ill-posed/underdetermined.,B007,,Reasoning,logical reasoning,,,B009,,Conclusion,intermediate conclusion,,,B007,,Reasoning,logical reasoning,algebra,,B008,,Conclusion,intermediate conclusion,,
e036,91,⏎   Could the intended answer be (E)?,B008,yes,Planning,initiate verification,,,B009,,Reasoning,speculation,intent of the question writer,,B007,,Reasoning,option evaluation,(E),,B008,,Reasoning,option evaluation,(E),
e036,92,Yes.,B008,,Reasoning,option evaluation,(E),,B009,,Reasoning,speculation,intent of the question writer,,B007,,Reasoning,option evaluation,(E),,B008,,Reasoning,option evaluation,(E),
e036,93,⏎   Let's consider if the prompt is a direct quote from a known puzzle/quiz.,B009,yes,Planning,initiate verification,,,B010,yes,Planning,initiate verification,,,B008,yes,Planning,initiate verification,,,B009,yes,Planning,initiate verification,,
e036,94,"It closely matches the CRT question but omits ""$1.00 more"".",B009,,Reasoning,comparison,prompt vs original text,,B010,,Reasoning,comparison,prompt vs original text,,B008,,Reasoning,comparison,prompt vs original text,,B009,,Reasoning,comparison,prompt vs original text,
e036,95,This omission changes everything.,B009,,Reasoning,logical reasoning,,,B010,,Reflection,emotion or impression,,,B008,,Conclusion,intermediate conclusion,,,B009,,Conclusion,intermediate conclusion,,
e036,96,"⏎   I will explain that the classic problem specifies ""$1.00 more"", which yields $0.05.",B009,,Restatement,rephrasing an earlier sentence,,,B011,yes,Planning,global plan,,,B008,,Restatement,rephrasing an earlier sentence,,,B009,,Planning,local plan,,
e036,97,"As written, it only says ""more"", which gives a range of valid answers ($0.00 < ball < $0.55).",B009,,Restatement,rephrasing an earlier sentence,,,B011,,Planning,global plan,,,B008,,Restatement,rephrasing an earlier sentence,,,B009,,Restatement,rephrasing an earlier sentence,,
e036,98,"Therefore, the question lacks sufficient constraints for a unique solution, making it not well-posed (or underdetermined).",B009,,Conclusion,intermediate conclusion,,,B011,,Planning,global plan,,,B008,,Conclusion,intermediate conclusion,,,B009,,Conclusion,intermediate conclusion,,
e036,99,Option (E) best captures this.,B009,,Reasoning,option evaluation,(E),,B011,,Conclusion,intermediate conclusion,,,B008,,Reasoning,option evaluation,(E),,B009,,Reasoning,option evaluation,(E),
e036,100,"⏎⏎   Wait, let's double check option (C):",B010,yes,Planning,initiate verification,,,B012,yes,Planning,initiate verification,,,B009,yes,Planning,initiate verification,,,B010,yes,Planning,initiate verification,,
e036,101,"""There is not enough information, but the answer is most likely $0.05"".",B010,,Restatement,rephrasing the prompt,option text,,B012,,Restatement,rephrasing the prompt,option text,,B009,,Restatement,rephrasing the prompt,option text,,B010,,Restatement,rephrasing the prompt,option text,
e036,102,This seems like a distractor.,B010,,Reasoning,option evaluation,(C),,B012,,Reflection,meta-evaluation of a step,option (C),,B009,,Reflection,meta-evaluation of a step,option (C),,B010,,Reflection,meta-evaluation of a step,option (C),
e036,103,⏎   Option (E) is clean.,B010,,Reflection,meta-evaluation of a step,option (E),,B012,,Reflection,meta-evaluation of a step,option (E),,B009,,Reflection,meta-evaluation of a step,option (E),,B010,,Reflection,meta-evaluation of a step,option (E),
e036,104,⏎   I'll go with (E).,B010,,Conclusion,intermediate conclusion,,,B012,,Conclusion,intermediate conclusion,,,B009,,Conclusion,intermediate conclusion,,,B010,,Conclusion,intermediate conclusion,,
e036,105,⏎⏎   Let's structure the reasoning:,B011,yes,Planning,global plan,,,B013,yes,Planning,global plan,,,B010,yes,Planning,global plan,,,B011,yes,Planning,global plan,,
e036,106,⏎   - State the classic version vs.,B011,,Planning,local plan,,,B013,,Planning,local plan,,,B010,,Planning,local plan,,,B011,,Planning,local plan,,
e036,107,this version.,B011,,Planning,local plan,,,B013,,Planning,local plan,,,B010,,Planning,local plan,,,B011,,Planning,local plan,,
e036,108,⏎   - Show the math for this version:,B011,,Planning,local plan,,,B013,,Planning,local plan,,,B010,,Planning,local plan,,,B011,,Planning,local plan,,
e036,109,"B + b = 1.10,",B011,,Planning,local plan,,,B013,,Restatement,rephrasing an earlier sentence,,,B010,,Planning,local plan,,,B011,,Planning,local plan,,
e036,110,B > b.,B011,,Planning,local plan,,,B013,,Restatement,rephrasing an earlier sentence,,,B010,,Planning,local plan,,,B011,,Planning,local plan,,
e036,111,"⏎   - Explain that this yields infinitely many solutions (e.g., ball=$0.10, bat=$1.00; ball=$0.01, bat=$1.09, etc.).",B011,,Example,non-exhaustive listing,algebra,,B013,,Planning,local plan,,,B010,,Planning,local plan,,,B011,,Planning,local plan,,
e036,112,"⏎   - Conclude that without the specific constraint ""$1.00 more"", the problem is underdetermined/ill-posed.",B011,,Conclusion,intermediate conclusion,,,B013,,Planning,local plan,,,B010,,Planning,local plan,,,B011,,Planning,local plan,,
e036,113,⏎   - Match with option (E).,B012,yes,Planning,local plan,,,B013,,Planning,local plan,,,B010,,Planning,local plan,,,B011,,Planning,local plan,,
e036,114,⏎   - Check if any other option fits better.,B012,,Planning,initiate verification,,,B013,,Planning,local plan,,,B010,,Planning,local plan,,,B011,,Planning,local plan,,
e036,115,"""None of the above"" is a fallback, but (E) is explicit.",B012,,Reasoning,option evaluation,(F),,B013,,Reasoning,comparison,option vs option,,B010,,Reflection,meta-evaluation of a step,option (F),,B011,,Reasoning,comparison,option vs option,
e036,116,⏎   - I will choose (E).,B012,,Conclusion,intermediate conclusion,,,B013,,Conclusion,intermediate conclusion,,,B010,,Conclusion,intermediate conclusion,,,B012,yes,Planning,announce the conclusion,,
e036,117,⏎⏎   One caveat:,B012,,Reasoning,speculation,intent of the question writer,,B014,yes,Planning,initiate verification,,,B011,yes,Planning,unspecified,,,B012,,Planning,local plan,,
e036,118,"Sometimes these questions are from a specific test where the expected answer is (E) precisely because of the missing ""$1.00"".",B012,,Reasoning,speculation,intent of the question writer,,B014,,Reasoning,speculation,intent of the question writer,,B011,,Reasoning,speculation,intent of the question writer,,B012,,Knowledge,world knowledge,,
e036,119,I'll stick with (E).,B012,,Conclusion,intermediate conclusion,,,B014,,Conclusion,intermediate conclusion,,,B011,,Conclusion,intermediate conclusion,,,B012,,Conclusion,intermediate conclusion,,
e036,120,⏎⏎   Let's draft the response carefully.,B013,yes,Planning,global plan,,,B015,yes,Planning,global plan,,,B012,yes,Planning,global plan,,,B013,yes,Planning,global plan,,
e036,121,⏎   - Acknowledge the classic CRT problem.,B013,,Planning,local plan,,,B015,,Planning,local plan,,,B012,,Planning,local plan,,,B013,,Planning,local plan,,
e036,122,"⏎   - Point out the critical missing phrase ""$1.00 more"".",B013,,Planning,local plan,,,B015,,Planning,local plan,,,B012,,Planning,local plan,,,B013,,Planning,local plan,,
e036,123,⏎   - Demonstrate why the current phrasing leads to infinite solutions.,B013,,Planning,local plan,,,B015,,Planning,local plan,,,B012,,Planning,local plan,,,B013,,Planning,local plan,,
e036,124,⏎   - Conclude that it's not well-posed due to lack of uniqueness.,B013,,Planning,local plan,,,B015,,Planning,local plan,,,B012,,Planning,local plan,,,B013,,Planning,local plan,,
e036,125,⏎   - Select (E).,B013,,Planning,local plan,,,B015,,Planning,local plan,,,B012,,Planning,local plan,,,B013,,Planning,local plan,,
e036,126,⏎   - Format as requested.,B013,,Planning,local plan,,,B015,,Planning,local plan,,,B012,,Planning,local plan,,,B013,,Planning,local plan,,
e036,127,⏎⏎   Self-Correction/Refinement during thought:,B013,,Planning,initiate verification,,,B015,,Planning,initiate verification,,,B012,,Planning,global plan,,,B013,,Planning,global plan,,
e036,128,⏎   Could it be that the question *is* well-posed in some other context?,B013,,Reasoning,option evaluation,(E),,B015,,Reasoning,logical reasoning,,,B012,,Planning,initiate verification,,,B013,,Reasoning,logical reasoning,,
e036,129,"No, mathematically it's underdetermined.",B013,,Reasoning,logical reasoning,algebra,,B015,,Reasoning,logical reasoning,,,B012,,Reasoning,logical reasoning,,,B013,,Reasoning,logical reasoning,,
e036,130,⏎   Is there any chance the intended answer is (F) because (E) uses technical jargon?,B013,,Reasoning,option evaluation,(F),,B015,,Reasoning,speculation,intent of the question writer,,B013,yes,Planning,initiate verification,,,B013,,Reasoning,option evaluation,(F),
e036,131,Unlikely.,B013,,Reasoning,option evaluation,(F),,B015,,Reasoning,speculation,intent of the question writer,,B013,,Reasoning,logical reasoning,,,B013,,Reasoning,option evaluation,(F),
e036,132,(E) is a standard way to describe underdetermined problems in multiple choice.,B013,,Reasoning,option evaluation,(F),,B015,,Knowledge,commonsense,,,B013,,Reasoning,logical reasoning,,,B013,,Reasoning,option evaluation,(E),
e036,133,⏎   I'll proceed with (E).,B013,,Conclusion,intermediate conclusion,,,B015,,Conclusion,intermediate conclusion,,,B013,,Conclusion,intermediate conclusion,,,B013,,Conclusion,intermediate conclusion,,
e036,134,⏎   Structure:,B014,yes,Planning,global plan,,,B016,yes,Planning,global plan,,,B014,yes,Planning,global plan,,,B014,yes,Planning,global plan,,
e036,135,⏎   - Explain the difference from the classic problem.,B014,,Planning,local plan,,,B016,,Planning,local plan,,,B014,,Planning,local plan,,,B014,,Planning,local plan,,
e036,136,⏎   - Show the inequality/system.,B014,,Planning,local plan,,,B016,,Planning,local plan,,,B014,,Planning,local plan,,,B014,,Planning,local plan,,
e036,137,⏎   - State that multiple answers satisfy the conditions.,B014,,Planning,local plan,,,B016,,Planning,local plan,,,B014,,Planning,local plan,,,B014,,Planning,local plan,,
e036,138,"⏎   - Therefore, unique solution impossible -> not well posed.",B014,,Planning,local plan,,,B016,,Planning,local plan,,,B014,,Planning,local plan,,,B014,,Planning,local plan,,
e036,139,⏎   - Match to (E).,B014,,Planning,local plan,,,B016,,Planning,local plan,,,B014,,Planning,local plan,,,B014,,Planning,local plan,,
e036,140,⏎   - Final line:,B014,,Planning,announce the conclusion,,,B016,,Planning,local plan,,,B014,,Planning,local plan,,,B014,,Planning,local plan,,
e036,141,Answer:,B014,,Conclusion,intermediate conclusion,,,B016,,Conclusion,intermediate conclusion,,,B014,,Conclusion,intermediate conclusion,,,B014,,Conclusion,intermediate conclusion,,
e036,142,E,B014,,Conclusion,intermediate conclusion,,,B016,,Conclusion,intermediate conclusion,,,B014,,Conclusion,intermediate conclusion,,,B014,,Conclusion,intermediate conclusion,,
e036,143,⏎   All steps clear.,B014,,Reflection,meta-evaluation of a step,,,B016,,Reflection,meta-evaluation of a step,,,B014,,Reflection,meta-evaluation of a step,,,B014,,Reflection,meta-evaluation of a step,,
e036,144,Proceed.,B014,,Reflection,meta-evaluation of a step,,,B017,yes,Planning,announce output,,,B015,yes,Planning,announce output,,,B015,yes,Planning,announce output,,
e036,145,⏎   One minor check:,B015,yes,Planning,initiate verification,,,B017,,Planning,initiate verification,,,B015,,Planning,initiate verification,,,B015,,Planning,initiate verification,,
e036,146,"Option C says ""There is not enough information..."".",B015,,Restatement,rephrasing the prompt,option text,,B017,,Restatement,rephrasing the prompt,option text,,B015,,Restatement,rephrasing the prompt,option text,,B015,,Restatement,rephrasing the prompt,option text,
e036,147,"That's also true, but adds ""most likely $0.05"" which is speculative.",B015,,Reasoning,option evaluation,(C),,B017,,Reasoning,hedge word analysis,mathematical reading,,B015,,Reasoning,option evaluation,(C),,B015,,Reasoning,option evaluation,(C),
e036,148,E is more direct and mathematically precise.,B015,,Reasoning,option evaluation,(E),,B017,,Reasoning,comparison,option vs option,,B015,,Reasoning,comparison,option vs option,,B015,,Reasoning,option evaluation,(E),
e036,149,I'll stick with E.,B015,,Conclusion,intermediate conclusion,,,B017,,Conclusion,intermediate conclusion,,,B015,,Conclusion,intermediate conclusion,,,B015,,Conclusion,intermediate conclusion,,
e036,150,"⏎   Actually, in some versions of this exact multiple choice question (it appears in some cognitive/attention tests), the correct answer is indeed that it's not well-posed or lacks info.",B015,,Knowledge,world knowledge,famous problem (CRT),,B017,,Knowledge,world knowledge,famous problem (CRT),,B015,,Knowledge,world knowledge,famous problem (CRT),,B015,,Knowledge,world knowledge,,
e036,151,I'll go with E.,B015,,Conclusion,intermediate conclusion,,,B017,,Conclusion,intermediate conclusion,,,B015,,Conclusion,intermediate conclusion,,,B015,,Conclusion,intermediate conclusion,,
e036,152,⏎   Final decision:,B016,yes,Planning,announce the conclusion,,,B018,yes,Planning,announce the conclusion,,,B016,yes,Planning,announce the conclusion,,,B016,yes,Planning,announce the conclusion,,
e036,153,E.✅,B016,,Conclusion,intermediate conclusion,,,B018,,Conclusion,intermediate conclusion,,,B016,,Conclusion,intermediate conclusion,,,B016,,Conclusion,intermediate conclusion,,
e036,154,⏎   Draft response:,B017,yes,Planning,global plan,,,B019,yes,Planning,global plan,,,B017,yes,Planning,global plan,,,B017,yes,Planning,global plan,,
e036,155,"⏎   The classic version of this problem states that ""the bat costs $1.00 *more* than the ball."" That specific constraint leads to a unique solution:",B017,,Restatement,rephrasing an earlier sentence,,,B019,,Restatement,rephrasing an earlier sentence,,,B017,,Restatement,rephrasing an earlier sentence,,,B017,,Restatement,rephrasing an earlier sentence,,
e036,156,$0.05 for the ball and $1.05 for the bat.,B017,,Restatement,rephrasing an earlier sentence,,,B019,,Restatement,rephrasing an earlier sentence,,,B017,,Restatement,rephrasing an earlier sentence,,,B017,,Restatement,rephrasing an earlier sentence,,
e036,157,"However, the prompt you provided only states that ""the bat costs *more* than the ball."" ⏎   Mathematically, we have two conditions:",B017,,Restatement,rephrasing an earlier sentence,,,B019,,Restatement,rephrasing an earlier sentence,,,B017,,Restatement,rephrasing an earlier sentence,,,B017,,Restatement,rephrasing an earlier sentence,,
e036,158,⏎   1) Bat + Ball = $1.10,B017,,Restatement,rephrasing an earlier sentence,,,B019,,Restatement,rephrasing an earlier sentence,,,B017,,Restatement,rephrasing an earlier sentence,,,B017,,Restatement,rephrasing an earlier sentence,,
e036,159,⏎   2) Bat > Ball,B017,,Restatement,rephrasing an earlier sentence,,,B019,,Restatement,rephrasing an earlier sentence,,,B017,,Restatement,rephrasing an earlier sentence,,,B017,,Restatement,rephrasing an earlier sentence,,
e036,160,⏎   This system has infinitely many valid solutions.,B017,,Restatement,rephrasing an earlier sentence,,,B019,,Restatement,rephrasing an earlier sentence,,,B017,,Restatement,rephrasing an earlier sentence,,,B017,,Restatement,rephrasing an earlier sentence,,
e036,161,"For example, the ball could cost $0.01 and the bat $1.09, or the ball could cost $0.50 and the bat $0.60.",B017,,Restatement,rephrasing an earlier sentence,,,B019,,Restatement,rephrasing an earlier sentence,,,B017,,Restatement,rephrasing an earlier sentence,,,B017,,Restatement,rephrasing an earlier sentence,,
e036,162,All of these satisfy the given conditions.,B017,,Restatement,rephrasing an earlier sentence,,,B019,,Restatement,rephrasing an earlier sentence,,,B017,,Restatement,rephrasing an earlier sentence,,,B017,,Restatement,rephrasing an earlier sentence,,
e036,163,"Because the problem lacks the necessary constraint to yield a single, unique answer, it is mathematically underdetermined and therefore not well-posed.",B017,,Restatement,rephrasing an earlier sentence,,,B019,,Restatement,rephrasing an earlier sentence,,,B017,,Conclusion,intermediate conclusion,,,B017,,Restatement,rephrasing an earlier sentence,,
e036,164,⏎   Answer:,B018,yes,Conclusion,final answer,,,B019,,Conclusion,intermediate conclusion,,,B017,,Conclusion,intermediate conclusion,,,B017,,Conclusion,intermediate conclusion,,
e036,165,E,B018,,Conclusion,final answer,,,B019,,Conclusion,intermediate conclusion,,,B017,,Conclusion,intermediate conclusion,,,B017,,Conclusion,intermediate conclusion,,
e036,166,⏎   Checks:,B019,yes,Planning,initiate verification,,,B020,yes,Planning,initiate verification,,,B018,yes,Planning,initiate verification,,,B018,yes,Planning,initiate verification,,
e036,167,"Matches reasoning, addresses the trick, selects option, follows format.",B019,,Reflection,meta-evaluation of a step,,,B020,,Reflection,meta-evaluation of a step,,,B018,,Reflection,meta-evaluation of a step,,,B018,,Reflection,meta-evaluation of a step,,
e036,168,Ready.,B020,yes,Planning,announce output,,,B021,yes,Planning,announce output,,,B019,yes,Planning,announce output,,,B019,yes,Planning,announce output,,
e036,169,⏎   One thing:,B020,,Planning,initiate verification,,,B021,,Planning,initiate verification,,,B019,,Planning,initiate verification,,,B019,,Planning,initiate verification,,
e036,170,"Could ""not well posed"" be considered too strong?",B020,,Reasoning,option evaluation,(E),,B021,,Reasoning,option evaluation,(E),,B019,,Reasoning,option evaluation,(E),,B019,,Reasoning,logical reasoning,,
e036,171,"In math, well-posed requires existence, uniqueness, and continuous dependence on data.",B020,,Knowledge,concept or definition,well-posedness,,B021,,Knowledge,concept or definition,well-posedness,,B019,,Knowledge,concept or definition,well-posedness,,B019,,Knowledge,concept or definition,well-posedness,
e036,172,Lack of uniqueness makes it ill-posed.,B020,,Reasoning,logical reasoning,,,B021,,Reasoning,logical reasoning,,,B019,,Reasoning,logical reasoning,,,B019,,Reasoning,logical reasoning,,
e036,173,So it's correct.,B020,,Reflection,meta-evaluation of a step,,,B021,,Reflection,meta-evaluation of a step,option (E),,B019,,Conclusion,intermediate conclusion,,,B019,,Reasoning,logical reasoning,,
e036,174,⏎   I'll output exactly this.,B021,yes,Planning,announce output,,,B022,yes,Planning,announce output,,,B020,yes,Planning,announce output,,,B020,yes,Planning,announce output,,
e036,175,⏎   Final Answer:,B021,,Conclusion,intermediate conclusion,,,B022,,Planning,announce the conclusion,,,B020,,Planning,announce the conclusion,,,B020,,Planning,announce the conclusion,,
e036,176,E.,B021,,Conclusion,intermediate conclusion,,,B022,,Conclusion,intermediate conclusion,,,B020,,Conclusion,intermediate conclusion,,,B020,,Conclusion,intermediate conclusion,,
e036,177,⏎   Proceeds.,B022,yes,Planning,announce output,,,B023,yes,Planning,announce output,,,B021,yes,Planning,announce output,,,B021,yes,Planning,announce output,,
e036,178,⏎   [Self-Correction/Verification during drafting],B022,,Planning,initiate verification,,,B023,,Planning,initiate verification,,,B021,,Planning,global plan,,,B021,,Planning,initiate verification,,
e036,179,"⏎   Wait, let's consider if the question might be from a specific source where (F) is expected?",B022,,Reasoning,option evaluation,(F),,B023,,Planning,initiate backtracking,,,B021,,Planning,initiate verification,,,B021,,Reasoning,option evaluation,(F),
e036,180,Unlikely.,B022,,Reasoning,option evaluation,(F),,B023,,Reasoning,speculation,intent of the question writer,,B021,,Reasoning,option evaluation,(F),,B021,,Reasoning,option evaluation,(F),
e036,181,(E) is standard.,B022,,Reasoning,option evaluation,(F),,B023,,Reflection,meta-evaluation of a step,option (E),,B021,,Reasoning,option evaluation,(E),,B021,,Reasoning,option evaluation,(E),
e036,182,⏎   What if the prompt actually *meant* the classic question and it's a typo?,B022,,Reasoning,speculation,intent of the question writer,,B024,yes,Planning,initiate backtracking,,,B022,yes,Planning,initiate verification,,,B022,yes,Assumption,branching (case split),,
e036,183,"Even if it's a typo, I must answer based on what's written, but I can note the classic version.",B022,,Knowledge,self-knowledge,role,,B024,,Knowledge,self-knowledge,role,,B022,,Reasoning,logical reasoning,,,B022,,Knowledge,self-knowledge,role,
e036,184,The reasoning covers this.,B022,,Reflection,meta-evaluation of a step,,,B024,,Reflection,meta-evaluation of a step,,,B022,,Reflection,meta-evaluation of a step,,,B022,,Reflection,meta-evaluation of a step,,
e036,185,⏎   I'm confident in E.,B022,,Reflection,meta-evaluation of a step,,,B024,,Conclusion,intermediate conclusion,,,B022,,Conclusion,intermediate conclusion,,,B022,,Conclusion,intermediate conclusion,,
e036,186,⏎   Output matches response.,B022,,Reflection,meta-evaluation of a step,,,B024,,Reflection,meta-evaluation of a step,,,B022,,Reflection,meta-evaluation of a step,,,B022,,Reflection,meta-evaluation of a step,,
e036,187,⏎   Proceeds.,B023,yes,Planning,announce output,,,B025,yes,Planning,announce output,,,B023,yes,Planning,announce output,,,B023,yes,Planning,announce output,,
e036,188,⏎   [Output Generation] -> *Proceeds*,B023,,Planning,announce output,,,B025,,Planning,announce output,,,B023,,Planning,announce output,,,B023,,Planning,announce output,,
e036,189,"⏎   ""The classic version...",B023,,Restatement,rephrasing an earlier sentence,,,B025,,Restatement,rephrasing an earlier sentence,,,B023,,Restatement,rephrasing an earlier sentence,,,B023,,Restatement,rephrasing an earlier sentence,,
e036,190,Answer:,B023,,Restatement,rephrasing an earlier sentence,,,B025,,Restatement,rephrasing an earlier sentence,,,B023,,Restatement,rephrasing an earlier sentence,,,B023,,Reflection,meta-evaluation of a step,,
e036,191,"E"" -> matches perfectly.",B023,,Restatement,rephrasing an earlier sentence,,,B025,,Reflection,meta-evaluation of a step,,,B023,,Restatement,rephrasing an earlier sentence,,,B023,,Reflection,meta-evaluation of a step,,
e036,192,⏎   All good.,B023,,Reflection,meta-evaluation of a step,,,B025,,Reflection,meta-evaluation of a step,,,B023,,Reflection,meta-evaluation of a step,,,B023,,Reflection,meta-evaluation of a step,,
e036,193,"⏎   [Final Check of the Prompt] ""Choose the single best option:",B023,,Restatement,rephrasing the prompt,answer-format instruction,,B026,yes,Planning || Restatement,initiate verification || rephrasing the prompt, || answer-format instruction,yes,B023,,Restatement,rephrasing the prompt,question text,,B023,,Restatement,rephrasing the prompt,answer-format instruction,
e036,194,(A)...,B023,,Restatement,rephrasing the prompt,answer-format instruction,,B026,,Restatement,rephrasing the prompt,option text,,B023,,Restatement,rephrasing the prompt,option text,,B023,,Restatement,rephrasing the prompt,answer-format instruction,
e036,195,(F)...,B023,,Restatement,rephrasing the prompt,answer-format instruction,,B026,,Restatement,rephrasing the prompt,option text,,B023,,Restatement,rephrasing the prompt,option text,,B023,,Restatement,rephrasing the prompt,answer-format instruction,
e036,196,"Explain your reasoning, then end your reply with a single line of the form ""Answer:",B023,,Restatement,rephrasing the prompt,answer-format instruction,,B026,,Restatement,rephrasing the prompt,answer-format instruction,,B023,,Restatement,rephrasing the prompt,answer-format instruction,,B023,,Restatement,rephrasing the prompt,answer-format instruction,
e036,197,"X"" where X is exactly one option letter.""",B023,,Restatement,rephrasing the prompt,answer-format instruction,,B026,,Restatement,rephrasing the prompt,answer-format instruction,,B023,,Restatement,rephrasing the prompt,answer-format instruction,,B023,,Restatement,rephrasing the prompt,answer-format instruction,
e036,198,⏎   Matches.✅,B023,,Reflection,meta-evaluation of a step,,,B026,,Reflection,meta-evaluation of a step,,,B023,,Reflection,meta-evaluation of a step,,,B023,,Reflection,meta-evaluation of a step,,
e036,199,⏎   Output Generation.,B024,yes,Planning,announce output,,,B027,yes,Planning,announce output,,,B024,yes,Planning,announce output,,,B024,yes,Planning,announce output,,
e036,200,⏎   [Output] -> *See response.* ⏎   *(Self-Correction/Note during thought)*:,B024,,Planning,announce output,,,B027,,Planning,initiate verification,,,B024,,Planning,announce output,,,B024,,Planning,initiate verification,,
e036,201,I should make sure I don't overcomplicate.,B024,,Reflection,meta-evaluation of a step,,,B027,,Planning,local plan,,,B024,,Reflection,emotion or impression,,,B024,,Reflection,emotion or impression,,
e036,202,"The key is the missing ""$1.00 more"".",B024,,Restatement,rephrasing an earlier sentence,,,B027,,Restatement,rephrasing an earlier sentence,,,B024,,Conclusion,intermediate conclusion,,,B024,,Restatement,rephrasing an earlier sentence,,
e036,203,The answer is definitively E.,B024,,Conclusion,intermediate conclusion,,,B027,,Conclusion,intermediate conclusion,,,B024,,Conclusion,intermediate conclusion,,,B024,,Conclusion,intermediate conclusion,,
e036,204,I'll write it out clearly.,B025,yes,Planning,announce output,,,B028,yes,Planning,announce output,,,B025,yes,Planning,announce output,,,B025,yes,Planning,announce output,,
e036,205,⏎   All steps verified.✅,B025,,Reflection,meta-evaluation of a step,,,B028,,Reflection,meta-evaluation of a step,,,B025,,Reflection,meta-evaluation of a step,,,B025,,Reflection,meta-evaluation of a step,,
e036,206,⏎   Output matches the refined draft.,B025,,Reflection,meta-evaluation of a step,,,B028,,Reflection,meta-evaluation of a step,,,B025,,Reflection,meta-evaluation of a step,,,B025,,Reflection,meta-evaluation of a step,,
e036,207,⏎   [Done.] ⏎   *Self-Correction/Refinement during generation prep*:,B026,yes,Planning,announce output,,,B029,yes,Planning,initiate verification,,,B026,yes,Planning,global plan,,,B026,yes,Planning,initiate verification,,
e036,208,"⏎   Actually, let's look at option (C) again:",B026,,Planning,initiate verification,,,B029,,Planning,initiate verification,,,B026,,Planning,initiate verification,,,B026,,Planning,initiate verification,,
e036,209,"""There is not enough information, but the answer is most likely $0.05"".",B026,,Restatement,rephrasing the prompt,option text,,B029,,Restatement,rephrasing the prompt,option text,,B026,,Restatement,rephrasing the prompt,option text,,B026,,Restatement,rephrasing the prompt,option text,
e036,210,This is a common distractor.,B026,,Reasoning,option evaluation,(C),,B029,,Reflection,meta-evaluation of a step,option (C),,B026,,Reflection,meta-evaluation of a step,option (C),,B026,,Reflection,meta-evaluation of a step,option (C),
e036,211,(E) is cleaner.,B026,,Reflection,meta-evaluation of a step,option (E),,B029,,Reflection,meta-evaluation of a step,option (E),,B026,,Reflection,meta-evaluation of a step,option (E),,B026,,Reflection,meta-evaluation of a step,option (E),
e036,212,I'll stick with E.,B026,,Conclusion,intermediate conclusion,,,B029,,Conclusion,intermediate conclusion,,,B026,,Conclusion,intermediate conclusion,,,B026,,Conclusion,intermediate conclusion,,
e036,213,⏎   Final Answer:,B026,,Conclusion,intermediate conclusion,,,B030,yes,Planning,announce the conclusion,,,B027,yes,Planning,announce the conclusion,,,B027,yes,Planning,announce the conclusion,,
e036,214,E.,B026,,Conclusion,intermediate conclusion,,,B030,,Conclusion,intermediate conclusion,,,B027,,Conclusion,intermediate conclusion,,,B027,,Conclusion,intermediate conclusion,,
e036,215,⏎   Proceeds.,B027,yes,Planning,announce output,,,B031,yes,Planning,announce output,,,B028,yes,Planning,announce output,,,B028,yes,Planning,announce output,,
e036,216,⏎   [Output Generation] (matches the final refined version),B027,,Planning,announce output,,,B031,,Planning,announce output,,,B028,,Planning,announce output,,,B028,,Planning,announce output,,
e036,217,"⏎   ""The classic cognitive reflection test version..."" etc.",B027,,Restatement,rephrasing an earlier sentence,,,B031,,Restatement,rephrasing an earlier sentence,,,B028,,Restatement,rephrasing an earlier sentence,,,B028,,Restatement,rephrasing an earlier sentence,,
e036,218,"⏎   ""Answer:",B027,,Restatement,rephrasing an earlier sentence,,,B031,,Restatement,rephrasing an earlier sentence,,,B028,,Conclusion,intermediate conclusion,,,B028,,Conclusion,intermediate conclusion,,
e036,219,"E"" ⏎   Done.",B027,,Restatement,rephrasing an earlier sentence,,,B031,,Restatement,rephrasing an earlier sentence,,,B028,,Conclusion,intermediate conclusion,,,B028,,Conclusion,intermediate conclusion,,
e036,220,⏎   [Output] -> *Proceeds* (Note:,B028,yes,Planning,announce output,,,B032,yes,Planning,announce output,,,B029,yes,Planning,announce output,,,B029,yes,Planning,announce output,,
e036,221,I will generate the exact response now),B028,,Planning,announce output,,,B032,,Planning,announce output,,,B029,,Planning,announce output,,,B029,,Planning,announce output,,
e036,222,⏎   [Final Check]:,B028,,Planning,initiate verification,,,B032,,Planning,initiate verification,,,B029,,Planning,initiate verification,,,B029,,Planning,initiate verification,,
e036,223,"The prompt says ""The bat costs more than the ball."" Not ""$1.00 more"".",B028,,Restatement,rephrasing the prompt,question text,,B032,,Reasoning,comparison,prompt vs original text,,B029,,Restatement,rephrasing the prompt,question text,,B029,,Restatement,rephrasing the prompt,question text,
e036,224,This is a known trick question variant.,B028,,Reasoning,comparison,prompt vs original text,,B032,,Knowledge,world knowledge,famous problem (CRT),,B029,,Reasoning,logical reasoning,,,B029,,Knowledge,world knowledge,,
e036,225,The correct choice is indeed that it's not well-posed/lacks info.,B028,,Conclusion,intermediate conclusion,,,B032,,Conclusion,intermediate conclusion,,,B029,,Conclusion,intermediate conclusion,,,B029,,Conclusion,intermediate conclusion,,
e036,226,E is best.,B028,,Reflection,meta-evaluation of a step,option (E),,B032,,Conclusion,intermediate conclusion,,,B029,,Conclusion,intermediate conclusion,,,B029,,Reasoning,option evaluation,(E),
e036,227,⏎   All good.,B028,,Reflection,meta-evaluation of a step,,,B032,,Reflection,meta-evaluation of a step,,,B029,,Reflection,meta-evaluation of a step,,,B029,,Reflection,meta-evaluation of a step,,
e036,228,⏎   Output Generation.,B029,yes,Planning,announce output,,,B033,yes,Planning,announce output,,,B030,yes,Planning,announce output,,,B030,yes,Planning,announce output,,
e036,229,⏎   [Response Text],B029,,Planning,global plan,,,B033,,Planning,global plan,,,B030,,Planning,global plan,,,B030,,Planning,announce output,,
e036,230,"⏎   The problem you've presented is a famous cognitive reflection puzzle, but it is missing a critical phrase from the original version.",B029,,Restatement,rephrasing an earlier sentence,,,B033,,Restatement,rephrasing an earlier sentence,,,B030,,Restatement,rephrasing an earlier sentence,,,B030,,Restatement,rephrasing an earlier sentence,,
e036,231,The classic problem states:,B029,,Restatement,rephrasing an earlier sentence,,,B033,,Restatement,rephrasing an earlier sentence,,,B030,,Restatement,rephrasing an earlier sentence,,,B030,,Restatement,rephrasing an earlier sentence,,
e036,232,"""The bat costs **$1.00 more** than the ball."" That specific constraint creates a system of equations with a single solution ($0.05 for the ball, $1.05 for the bat).",B029,,Restatement,rephrasing an earlier sentence,,,B033,,Restatement,rephrasing an earlier sentence,,,B030,,Restatement,rephrasing an earlier sentence,,,B030,,Restatement,rephrasing an earlier sentence,,
e036,233,"⏎⏎   However, as written, your prompt only says:",B029,,Restatement,rephrasing an earlier sentence,,,B033,,Restatement,rephrasing an earlier sentence,,,B030,,Restatement,rephrasing an earlier sentence,,,B030,,Restatement,rephrasing an earlier sentence,,
e036,234,"""The bat costs **more** than the ball."" ⏎   This gives us:",B029,,Restatement,rephrasing an earlier sentence,,,B033,,Restatement,rephrasing an earlier sentence,,,B030,,Restatement,rephrasing an earlier sentence,,,B030,,Restatement,rephrasing an earlier sentence,,
e036,235,⏎   1.,B029,,Restatement,rephrasing an earlier sentence,,,B033,,Restatement,rephrasing an earlier sentence,,,B030,,Planning,local plan,,,B030,,Restatement,rephrasing an earlier sentence,,
e036,236,Bat + Ball = $1.10,B029,,Restatement,rephrasing an earlier sentence,,,B033,,Restatement,rephrasing an earlier sentence,,,B030,,Restatement,rephrasing an earlier sentence,,,B030,,Restatement,rephrasing an earlier sentence,,
e036,237,⏎   2.,B029,,Restatement,rephrasing an earlier sentence,,,B033,,Restatement,rephrasing an earlier sentence,,,B030,,Planning,local plan,,,B030,,Restatement,rephrasing an earlier sentence,,
e036,238,Bat > Ball,B029,,Restatement,rephrasing an earlier sentence,,,B033,,Restatement,rephrasing an earlier sentence,,,B030,,Restatement,rephrasing an earlier sentence,,,B030,,Restatement,rephrasing an earlier sentence,,
e036,239,"⏎   ⏎   Mathematically, this system is underdetermined.",B029,,Restatement,rephrasing an earlier sentence,,,B033,,Restatement,rephrasing an earlier sentence,,,B030,,Conclusion,intermediate conclusion,,,B030,,Restatement,rephrasing an earlier sentence,,
e036,240,Any value for the ball between $0.00 and $0.55 (exclusive) will satisfy both conditions.,B029,,Restatement,rephrasing an earlier sentence,,,B033,,Restatement,rephrasing an earlier sentence,,,B030,,Restatement,rephrasing an earlier sentence,,,B030,,Restatement,rephrasing an earlier sentence,,
e036,241,"For example, the ball could cost $0.10 and the bat $1.00, or the ball could cost $0.01 and the bat $1.09.",B029,,Restatement,rephrasing an earlier sentence,,,B033,,Restatement,rephrasing an earlier sentence,,,B030,,Example,non-exhaustive listing,algebra,,B030,,Restatement,rephrasing an earlier sentence,,
e036,242,"Without the specific ""$1.00 more"" constraint, there is no unique solution.",B029,,Restatement,rephrasing an earlier sentence,,,B033,,Restatement,rephrasing an earlier sentence,,,B030,,Conclusion,intermediate conclusion,,,B030,,Restatement,rephrasing an earlier sentence,,
e036,243,"In mathematics, a problem that fails to have a unique solution is considered ill-posed or not well-posed.",B029,,Knowledge,concept or definition,well-posedness,,B033,,Restatement,rephrasing an earlier sentence,,,B030,,Knowledge,concept or definition,well-posedness,,B030,,Restatement,rephrasing an earlier sentence,,
e036,244,"Therefore, option (E) is the most accurate choice.",B030,yes,Conclusion,final answer,,,B033,,Conclusion,intermediate conclusion,,,B030,,Conclusion,intermediate conclusion,,,B030,,Conclusion,intermediate conclusion,,
e036,245,⏎⏎   Answer:,B030,,Conclusion,final answer,,,B034,yes,Conclusion,final answer,,,B031,yes,Conclusion,final answer,,,B031,yes,Conclusion,final answer,,
e036,246,E,B030,,Conclusion,final answer,,,B034,,Conclusion,final answer,,,B031,,Conclusion,final answer,,,B031,,Conclusion,final answer,,
e036,247,⏎   [Done.] ⏎   *Self-Correction/Verification during output prep*:,B031,yes,Planning,initiate verification,,,B035,yes,Planning,initiate verification,,,B032,yes,Planning,global plan,,,B032,yes,Planning,initiate verification,,
e036,248,The reasoning is solid.,B031,,Reflection,meta-evaluation of a step,,,B035,,Reflection,meta-evaluation of a step,,,B032,,Reflection,meta-evaluation of a step,,,B032,,Reflection,meta-evaluation of a step,,
e036,249,Matches option E exactly.,B031,,Reflection,meta-evaluation of a step,,,B035,,Reflection,meta-evaluation of a step,,,B032,,Reflection,meta-evaluation of a step,,,B032,,Reflection,meta-evaluation of a step,,
e036,250,Format matches request.,B031,,Reflection,meta-evaluation of a step,,,B035,,Reflection,meta-evaluation of a step,,,B032,,Reflection,meta-evaluation of a step,,,B032,,Reflection,meta-evaluation of a step,,
e036,251,Ready.,B032,yes,Planning,announce output,,,B036,yes,Planning,announce output,,,B033,yes,Planning,announce output,,,B033,yes,Planning,announce output,,
e036,252,⏎   [Output Generation] -> *Proceeds* (The response matches exactly what I will output),B032,,Planning,announce output,,,B036,,Planning,announce output,,,B033,,Planning,announce output,,,B033,,Planning,announce output,,
e036,253,⏎   [Final Output Generation] (Proceeds),B032,,Planning,announce output,,,B036,,Planning,announce output,,,B033,,Planning,announce output,,,B033,,Planning,announce output,,
c004,0,Here's a thinking process that leads to the suggested answer:,B000,yes,Reflection,rhetorical phrase,,,B000,yes,Planning,global plan,,,B000,yes,Planning,global plan,,,B000,yes,Planning,global plan,,
c004,1,⏎⏎1.,B001,yes,Planning,global plan,,,B000,,Planning,global plan,,,B000,,Planning,global plan,,,B000,,Planning,global plan,,
c004,2,**Analyze the Request:**,B001,,Planning,global plan,,,B000,,Planning,global plan,,,B000,,Planning,global plan,,,B000,,Planning,global plan,,
c004,3,"⏎    *   **Problem:** ""A bat and a ball cost \$1.10 in total.",B001,,Restatement,rephrasing the prompt,question text,,B000,,Restatement,rephrasing the prompt,question text,,B000,,Restatement,rephrasing the prompt,question text,,B000,,Restatement,rephrasing the prompt,question text,
c004,4,The bat costs more than the ball.,B001,,Restatement,rephrasing the prompt,question text,,B000,,Restatement,rephrasing the prompt,question text,,B000,,Restatement,rephrasing the prompt,question text,,B000,,Restatement,rephrasing the prompt,question text,
c004,5,"How much does the ball cost?""",B001,,Restatement,rephrasing the prompt,question text,,B000,,Restatement,rephrasing the prompt,question text,,B000,,Restatement,rephrasing the prompt,question text,,B000,,Restatement,rephrasing the prompt,question text,
c004,6,"⏎    *   **Options:** (A) \$0.05, (B) Probably \$0.05, (C) Not enough info, likely \$0.05, (D) Not sure, (E) Not well posed, (F) None of the above.",B001,,Restatement,rephrasing the prompt,option text,,B000,,Restatement,rephrasing the prompt,option text,,B000,,Restatement,rephrasing the prompt,option text,,B000,,Restatement,rephrasing the prompt,option text,
c004,7,⏎    *   **Task:** Explain reasoning and provide the final answer in a specific format.,B001,,Restatement,rephrasing the prompt,answer-format instruction,,B000,,Restatement,rephrasing the prompt,answer-format instruction,,B000,,Restatement,rephrasing the prompt,answer-format instruction,,B000,,Restatement,rephrasing the prompt,answer-format instruction,
c004,8,⏎⏎2.,B002,yes,Planning,global plan,,,B001,yes,Planning,global plan,,,B001,yes,Planning,global plan,,,B001,yes,Planning,global plan,,
c004,9,"**Analyze the Problem Statement (The ""Bat and Ball"" Problem):**",B002,,Planning,global plan,,,B001,,Planning,global plan,,,B001,,Planning,global plan,,,B001,,Planning,global plan,,
c004,10,⏎    *   *Equation 1:* Bat + Ball = 1.10,B002,,Reasoning,defining symbols,algebra,,B001,,Reasoning,defining symbols,algebra,,B001,,Reasoning,defining symbols,algebra,,B001,,Reasoning,defining symbols,algebra,
c004,11,⏎    *   *Condition:* Bat > Ball,B002,,Reasoning,defining symbols,algebra,,B001,,Reasoning,defining symbols,algebra,,B001,,Reasoning,defining symbols,algebra,,B001,,Reasoning,defining symbols,algebra,
c004,12,⏎    *   *Goal:* Find cost of Ball.,B003,yes,Planning,local plan,,,B001,,Restatement,rephrasing the prompt,question text,,B001,,Reasoning,defining symbols,algebra,,B001,,Restatement,rephrasing the prompt,question text,
c004,13,⏎⏎3.,B003,,Planning,global plan,,,B002,yes,Planning,global plan,,,B002,yes,Planning,global plan,,,B002,yes,Planning,global plan,,
c004,14,**Evaluate the Constraints & Ambiguity:**,B003,,Planning,global plan,,,B002,,Planning,global plan,,,B002,,Planning,global plan,,,B002,,Planning,global plan,,
c004,15,"⏎    *   If Ball = \$0.05,",B004,yes,Assumption,branching (case split),algebra,,B003,yes,Assumption,branching (case split),algebra,,B003,yes,Assumption,branching (case split),algebra,,B003,yes,Assumption,branching (case split),algebra,
c004,16,then Bat = 1.10 - 0.05 = \$1.05.,B004,,Reasoning,calculation,algebra,,B003,,Reasoning,calculation,algebra,,B003,,Reasoning,calculation,algebra,,B003,,Reasoning,calculation,algebra,
c004,17,⏎        *   Does Bat > Ball?,B004,,Planning,local plan,,,B003,,Reasoning,calculation,algebra,,B003,,Reasoning,logical reasoning,algebra,,B003,,Reasoning,logical reasoning,algebra,
c004,18,\$1.05 > \$0.05.,B004,,Reasoning,logical reasoning,algebra,,B003,,Reasoning,calculation,algebra,,B003,,Reasoning,logical reasoning,algebra,,B003,,Reasoning,logical reasoning,algebra,
c004,19,Yes.,B004,,Reasoning,logical reasoning,algebra,,B003,,Reasoning,logical reasoning,algebra,,B003,,Reasoning,logical reasoning,algebra,,B003,,Reasoning,logical reasoning,algebra,
c004,20,⏎        *   Is the sum \$1.10?,B004,,Planning,local plan,,,B003,,Reasoning,calculation,algebra,,B003,,Reasoning,logical reasoning,algebra,,B003,,Reasoning,logical reasoning,algebra,
c004,21,Yes.,B004,,Reasoning,logical reasoning,algebra,,B003,,Reasoning,logical reasoning,algebra,,B003,,Reasoning,logical reasoning,algebra,,B003,,Reasoning,logical reasoning,algebra,
c004,22,⏎        *   *Result:* \$0.05 is a *possible* solution.,B004,,Conclusion,intermediate conclusion,,,B003,,Reasoning,logical reasoning,algebra,,B003,,Conclusion,intermediate conclusion,,,B003,,Conclusion,intermediate conclusion,,
c004,23,"⏎    *   If Ball = \$0.01,",B005,yes,Assumption,branching (case split),algebra,,B004,yes,Assumption,branching (case split),algebra,,B004,yes,Assumption,branching (case split),algebra,,B004,yes,Assumption,branching (case split),algebra,
c004,24,then Bat = 1.10 - 0.01 = \$1.09.,B005,,Reasoning,calculation,algebra,,B004,,Reasoning,calculation,algebra,,B004,,Reasoning,calculation,algebra,,B004,,Reasoning,calculation,algebra,
c004,25,⏎        *   Does Bat > Ball?,B005,,Planning,local plan,,,B004,,Reasoning,calculation,algebra,,B004,,Reasoning,logical reasoning,algebra,,B004,,Reasoning,logical reasoning,algebra,
c004,26,\$1.09 > \$0.01.,B005,,Reasoning,logical reasoning,algebra,,B004,,Reasoning,calculation,algebra,,B004,,Reasoning,logical reasoning,algebra,,B004,,Reasoning,logical reasoning,algebra,
c004,27,Yes.,B005,,Reasoning,logical reasoning,algebra,,B004,,Reasoning,logical reasoning,algebra,,B004,,Reasoning,logical reasoning,algebra,,B004,,Reasoning,logical reasoning,algebra,
c004,28,⏎        *   Is the sum \$1.10?,B005,,Planning,local plan,,,B004,,Reasoning,calculation,algebra,,B004,,Reasoning,logical reasoning,algebra,,B004,,Reasoning,logical reasoning,algebra,
c004,29,Yes.,B005,,Reasoning,logical reasoning,algebra,,B004,,Reasoning,logical reasoning,algebra,,B004,,Reasoning,logical reasoning,algebra,,B004,,Reasoning,logical reasoning,algebra,
c004,30,⏎        *   *Result:* \$0.01 is *also* a possible solution.,B005,,Conclusion,intermediate conclusion,,,B004,,Reasoning,logical reasoning,algebra,,B004,,Conclusion,intermediate conclusion,,,B004,,Conclusion,intermediate conclusion,,
c004,31,"⏎    *   If Ball = \$0.55,",B006,yes,Assumption,branching (case split),algebra,,B005,yes,Assumption,branching (case split),algebra,,B005,yes,Assumption,branching (case split),algebra,,B005,yes,Assumption,branching (case split),algebra,
c004,32,then Bat = 1.10 - 0.55 = \$0.55.,B006,,Reasoning,calculation,algebra,,B005,,Reasoning,calculation,algebra,,B005,,Reasoning,calculation,algebra,,B005,,Reasoning,calculation,algebra,
c004,33,⏎        *   Does Bat > Ball?,B006,,Planning,local plan,,,B005,,Reasoning,calculation,algebra,,B005,,Reasoning,logical reasoning,algebra,,B005,,Reasoning,logical reasoning,algebra,
c004,34,\$0.55 is not greater than \$0.55 (it's equal).,B006,,Reasoning,logical reasoning,algebra,,B005,,Reasoning,calculation,algebra,,B005,,Reasoning,logical reasoning,algebra,,B005,,Reasoning,logical reasoning,algebra,
c004,35,⏎        *   *Result:* \$0.55 is not a solution.,B006,,Conclusion,intermediate conclusion,,,B005,,Reasoning,logical reasoning,algebra,,B005,,Conclusion,intermediate conclusion,,,B005,,Conclusion,intermediate conclusion,,
c004,36,⏎⏎4.,B007,yes,Planning,global plan,,,B006,yes,Planning,global plan,,,B006,yes,Planning,global plan,,,B006,yes,Planning,global plan,,
c004,37,**Identify the Nature of the Question:**,B007,,Planning,global plan,,,B006,,Planning,global plan,,,B006,,Planning,global plan,,,B006,,Planning,global plan,,
c004,38,⏎    *   This is a classic cognitive reflection test question (often attributed to Keith Stanovich or Shane Frederick).,B007,,Knowledge,world knowledge,famous problem (CRT),,B006,,Knowledge,world knowledge,famous problem (CRT),,B006,,Knowledge,world knowledge,famous problem (CRT),,B006,,Knowledge,world knowledge,famous problem (CRT),
c004,39,⏎    *   *The Trap:* Most people intuitively answer \$0.10 (Ball) and \$1.00 (Bat).,B007,,Reasoning,logical reasoning,,,B006,,Knowledge,world knowledge,famous problem (CRT),,B006,,Knowledge,world knowledge,famous problem (CRT),,B006,,Knowledge,world knowledge,famous problem (CRT),
c004,40,Why?,B008,yes,Planning,initiate verification,,,B006,,Reasoning,calculation,algebra,,B006,,Reasoning,logical reasoning,,,B006,,Reasoning,commonsense reasoning,,
c004,41,Because \$1.00 + \$0.10 = \$1.10.,B008,,Reasoning,logical reasoning,,,B006,,Reasoning,calculation,algebra,,B006,,Reasoning,logical reasoning,,,B006,,Reasoning,commonsense reasoning,,
c004,42,"But wait, the problem usually adds the constraint ""The bat costs **\$1.00 more than the ball**.""",B008,,Knowledge,world knowledge,famous problem (CRT),,B006,,Knowledge,world knowledge,famous problem (CRT),,B006,,Knowledge,world knowledge,famous problem (CRT),,B006,,Knowledge,world knowledge,famous problem (CRT),
c004,43,"⏎    *   *Check the text provided in the prompt again carefully:* ""A bat and a ball cost \$1.10 in total.",B009,yes,Planning,initiate verification,,,B007,yes,Planning || Restatement,initiate verification || rephrasing the prompt, || question text,yes,B006,,Restatement,rephrasing the prompt,question text,,B007,yes,Planning || Restatement,initiate verification || rephrasing the prompt, || question text,yes
c004,44,"The bat costs more than the ball.""",B009,,Restatement,rephrasing the prompt,question text,,B007,,Restatement,rephrasing the prompt,question text,,B006,,Restatement,rephrasing the prompt,question text,,B007,,Restatement,rephrasing the prompt,question text,
c004,45,"⏎    *   *Observation:* The prompt **omits** the specific constraint ""The bat costs \$1.00 more than the ball.""",B009,,Reasoning,comparison,prompt vs original text,,B007,,Reasoning,comparison,prompt vs original text,,B006,,Reasoning,comparison,prompt vs original text,,B007,,Reasoning,comparison,prompt vs original text,
c004,46,"⏎    *   *Implication:* Without the specific difference constraint (Bat = Ball + 1.00), there are infinite solutions.",B009,,Reasoning,logical reasoning,algebra,,B007,,Reasoning,logical reasoning,algebra,,B006,,Reasoning,logical reasoning,algebra,,B007,,Reasoning,logical reasoning,algebra,
c004,47,Any price for the ball ($x$) where $0 < x < 0.55$ works.,B009,,Reasoning,logical reasoning,algebra,,B007,,Reasoning,calculation,algebra,,B006,,Reasoning,logical reasoning,algebra,,B007,,Reasoning,calculation,algebra,
c004,48,"⏎        *   Ball = \$0.01,",B009,,Example,non-exhaustive listing,algebra,,B007,,Example,non-exhaustive listing,algebra,,B006,,Example,non-exhaustive listing,algebra,,B007,,Example,non-exhaustive listing,algebra,
c004,49,Bat = \$1.09.,B009,,Example,non-exhaustive listing,algebra,,B007,,Example,non-exhaustive listing,algebra,,B006,,Example,non-exhaustive listing,algebra,,B007,,Example,non-exhaustive listing,algebra,
c004,50,"⏎        *   Ball = \$0.02,",B009,,Example,non-exhaustive listing,algebra,,B007,,Example,non-exhaustive listing,algebra,,B006,,Example,non-exhaustive listing,algebra,,B007,,Example,non-exhaustive listing,algebra,
c004,51,Bat = \$1.08.,B009,,Example,non-exhaustive listing,algebra,,B007,,Example,non-exhaustive listing,algebra,,B006,,Example,non-exhaustive listing,algebra,,B007,,Example,non-exhaustive listing,algebra,
c004,52,⏎        *   ...,B009,,Example,non-exhaustive listing,algebra,,B007,,Example,non-exhaustive listing,algebra,,B006,,Example,non-exhaustive listing,algebra,,B007,,Example,non-exhaustive listing,algebra,
c004,53,"⏎        *   Ball = \$0.05,",B009,,Example,non-exhaustive listing,algebra,,B007,,Example,non-exhaustive listing,algebra,,B006,,Example,non-exhaustive listing,algebra,,B007,,Example,non-exhaustive listing,algebra,
c004,54,Bat = \$1.05.,B009,,Example,non-exhaustive listing,algebra,,B007,,Example,non-exhaustive listing,algebra,,B006,,Example,non-exhaustive listing,algebra,,B007,,Example,non-exhaustive listing,algebra,
c004,55,⏎        *   ...,B009,,Example,non-exhaustive listing,algebra,,B007,,Example,non-exhaustive listing,algebra,,B006,,Example,non-exhaustive listing,algebra,,B007,,Example,non-exhaustive listing,algebra,
c004,56,"⏎        *   Ball = \$0.54,",B009,,Example,non-exhaustive listing,algebra,,B007,,Example,non-exhaustive listing,algebra,,B006,,Example,non-exhaustive listing,algebra,,B007,,Example,non-exhaustive listing,algebra,
c004,57,Bat = \$0.56.,B009,,Example,non-exhaustive listing,algebra,,B007,,Example,non-exhaustive listing,algebra,,B006,,Example,non-exhaustive listing,algebra,,B007,,Example,non-exhaustive listing,algebra,
c004,58,⏎⏎5.,B010,yes,Planning,global plan,,,B008,yes,Planning,global plan,,,B007,yes,Planning,global plan,,,B008,yes,Planning,global plan,,
c004,59,**Evaluate the Options against the Textual Analysis:**,B010,,Planning,global plan,,,B008,,Planning,global plan,,,B007,,Planning,global plan,,,B008,,Planning,global plan,,
c004,60,⏎⏎    *   *(A) It is \$0.05*:,B010,,Restatement,rephrasing the prompt,option text,,B008,,Planning,local plan,,,B007,,Restatement,rephrasing the prompt,option text,,B008,,Restatement,rephrasing the prompt,option text,
c004,61,This assumes the standard version of the riddle where the bat costs \$1.00 *more* than the ball.,B010,,Reasoning,option evaluation,(A),,B008,,Reasoning,option evaluation,(A),,B007,,Reasoning,option evaluation,(A),,B008,,Reasoning,option evaluation,(A),
c004,62,"However, strictly reading *this* text, \$0.05 is just one of many possibilities.",B010,,Reasoning,option evaluation,(A),,B008,,Reasoning,option evaluation,(A),,B007,,Reasoning,option evaluation,(A),,B008,,Reasoning,option evaluation,(A),
c004,63,It is not *necessarily* \$0.05.,B010,,Reasoning,option evaluation,(A),,B008,,Reasoning,option evaluation,(A),,B007,,Reasoning,option evaluation,(A),,B008,,Reasoning,option evaluation,(A),
c004,64,⏎    *   *(B) It is probably \$0.05*:,B010,,Restatement,rephrasing the prompt,option text,,B008,,Planning,local plan,,,B007,,Restatement,rephrasing the prompt,option text,,B008,,Restatement,rephrasing the prompt,option text,
c004,65,"""Probably"" implies probability.",B010,,Reasoning,hedge word analysis,,,B008,,Reasoning,hedge word analysis,mathematical reading,,B007,,Reasoning,hedge word analysis,undecided,,B008,,Reasoning,hedge word analysis,undecided,
c004,66,"Unless there's a distribution of prices given, we can't assign probability.",B010,,Reasoning,hedge word analysis,mathematical reading,,B008,,Reasoning,hedge word analysis,mathematical reading,,B007,,Reasoning,hedge word analysis,undecided,,B008,,Reasoning,hedge word analysis,mathematical reading,
c004,67,"However, in the context of riddles, this option acknowledges the likely intent of the user (referring to the famous riddle) while acknowledging the missing constraint.",B010,,Reasoning,option evaluation,(B),,B008,,Reasoning || Reflection,hedge word analysis || meta-evaluation of a step,everyday reading || option (B),yes,B007,,Reasoning,hedge word analysis,everyday reading,,B008,,Reasoning,option evaluation,(B),
c004,68,"⏎    *   *(C) There is not enough information, but the answer is most likely \$0.05*:",B010,,Restatement,rephrasing the prompt,option text,,B008,,Planning,local plan,,,B007,,Restatement,rephrasing the prompt,option text,,B008,,Restatement,rephrasing the prompt,option text,
c004,69,This is logically the most accurate description.,B010,,Reasoning,option evaluation,(C),,B008,,Reflection,meta-evaluation of a step,option (C),,B007,,Reasoning,option evaluation,(C),,B008,,Reasoning,option evaluation,(C),
c004,70,"Mathematically, the system is underdetermined (1 equation, 2 variables, 1 inequality).",B010,,Reasoning,option evaluation,(C),,B008,,Reasoning,option evaluation,(C),,B007,,Reasoning,option evaluation,(C),,B008,,Reasoning,option evaluation,(C),
c004,71,"Contextually, it's a famous riddle where the missing constraint is usually implied by cultural context.",B010,,Reasoning,option evaluation,(C),,B008,,Reasoning,option evaluation,(C),,B007,,Reasoning,option evaluation,(C),,B008,,Reasoning,option evaluation,(C),
c004,72,⏎    *   *(D) I am not sure*:,B010,,Restatement,rephrasing the prompt,option text,,B008,,Planning,local plan,,,B007,,Restatement,rephrasing the prompt,option text,,B008,,Restatement,rephrasing the prompt,option text,
c004,73,Too vague.,B010,,Reflection,meta-evaluation of a step,option (D),,B008,,Reflection,meta-evaluation of a step,option (D),,B007,,Reflection,meta-evaluation of a step,option (D),,B008,,Reflection,meta-evaluation of a step,option (D),
c004,74,⏎    *   *(E) The question is not well posed*:,B010,,Restatement,rephrasing the prompt,option text,,B008,,Planning,local plan,,,B007,,Restatement,rephrasing the prompt,option text,,B008,,Restatement,rephrasing the prompt,option text,
c004,75,"Mathematically true (underdetermined), but ""not well posed"" usually implies no solution or non-unique solution in a way that makes it unsolvable.",B010,,Reasoning,option evaluation,(E),,B008,,Reasoning || Knowledge,option evaluation || concept or definition,(E) || well-posedness,yes,B007,,Reasoning,option evaluation,(E),,B008,,Reasoning,option evaluation,(E),
c004,76,It is solvable if we assume the missing constraint.,B010,,Reasoning,option evaluation,(E),,B008,,Reasoning,option evaluation,(E),,B007,,Reasoning,option evaluation,(E),,B008,,Reasoning,option evaluation,(E),
c004,77,⏎    *   *(F) None of the above*:,B010,,Restatement,rephrasing the prompt,option text,,B008,,Planning,local plan,,,B007,,Restatement,rephrasing the prompt,option text,,B008,,Restatement,rephrasing the prompt,option text,
c004,78,A fallback.,B010,,Reflection,meta-evaluation of a step,option (F),,B008,,Reflection,meta-evaluation of a step,option (F),,B007,,Reflection,meta-evaluation of a step,option (F),,B008,,Reflection,meta-evaluation of a step,option (F),
c004,79,⏎⏎6.,B011,yes,Planning,global plan,,,B009,yes,Planning,global plan,,,B008,yes,Planning,global plan,,,B009,yes,Planning,global plan,,
c004,80,**Deep Dive into Option (C) vs.,B011,,Planning,global plan,,,B009,,Planning,global plan,,,B008,,Planning,global plan,,,B009,,Planning,global plan,,
c004,81,(A):**,B011,,Planning,global plan,,,B009,,Planning,global plan,,,B008,,Planning,global plan,,,B009,,Planning,global plan,,
c004,82,⏎    *   The prompt is a trick.,B011,,Reflection,emotion or impression,,,B009,,Reasoning,speculation,intent of the question writer,,B008,,Reasoning,logical reasoning,,,B009,,Reflection,emotion or impression,,
c004,83,"It looks like the ""Cognitive Reflection Test"" (CRT) question.",B011,,Reasoning,logical reasoning,,,B009,,Knowledge,world knowledge,famous problem (CRT),,B008,,Knowledge,world knowledge,famous problem (CRT),,B009,,Knowledge,world knowledge,famous problem (CRT),
c004,84,⏎    *   The CRT question reads:,B011,,Planning,local plan,,,B009,,Planning,local plan,,,B008,,Planning,local plan,,,B009,,Planning,local plan,,
c004,85,"""A bat and a ball cost \$1.10 in total.",B011,,Knowledge,world knowledge,famous problem (CRT),,B009,,Knowledge,world knowledge,famous problem (CRT),,B008,,Knowledge,world knowledge,famous problem (CRT),,B009,,Knowledge,world knowledge,famous problem (CRT),
c004,86,The bat costs \$1.00 more than the ball.,B011,,Knowledge,world knowledge,famous problem (CRT),,B009,,Knowledge,world knowledge,famous problem (CRT),,B008,,Knowledge,world knowledge,famous problem (CRT),,B009,,Knowledge,world knowledge,famous problem (CRT),
c004,87,"How much does the ball cost?"" Answer:",B011,,Knowledge,world knowledge,famous problem (CRT),,B009,,Knowledge,world knowledge,famous problem (CRT),,B008,,Knowledge,world knowledge,famous problem (CRT),,B009,,Knowledge,world knowledge,famous problem (CRT),
c004,88,\$0.05.,B011,,Knowledge,world knowledge,famous problem (CRT),,B009,,Knowledge,world knowledge,famous problem (CRT),,B008,,Knowledge,world knowledge,famous problem (CRT),,B009,,Knowledge,world knowledge,famous problem (CRT),
c004,89,⏎    *   The prompt *changed* the text.,B011,,Reasoning,comparison,prompt vs original text,,B009,,Reasoning,comparison,prompt vs original text,,B008,,Reasoning,comparison,prompt vs original text,,B009,,Reasoning,comparison,prompt vs original text,
c004,90,"It removed ""\$1.00 more"" and replaced it with ""more"".",B011,,Reasoning,comparison,prompt vs original text,,B009,,Reasoning,comparison,prompt vs original text,,B008,,Reasoning,comparison,prompt vs original text,,B009,,Reasoning,comparison,prompt vs original text,
c004,91,⏎    *   Strictly logically:,B011,,Planning,local plan,,,B009,,Planning,local plan,,,B008,,Planning,local plan,,,B009,,Planning,local plan,,
c004,92,"If $b + B = 1.10$ and $B > b$ (where $B$ is bat, $b$ is ball), then $b$ can be any value in $(0, 0.55)$.",B011,,Reasoning,calculation,algebra,,B009,,Reasoning,calculation,algebra,,B008,,Reasoning,calculation,algebra,,B009,,Reasoning,logical reasoning,algebra,
c004,93,"⏎    *   Therefore, ""It is \$0.05"" (A) is logically false based *only* on the provided text.",B011,,Conclusion,intermediate conclusion,,,B009,,Reasoning,option evaluation,(A),,B008,,Conclusion,intermediate conclusion,,,B009,,Conclusion,intermediate conclusion,,
c004,94,"⏎    *   However, the option (C) explicitly states ""There is not enough information"".",B011,,Reasoning,option evaluation,(C),,B009,,Reasoning,option evaluation,(C),,B008,,Reasoning,option evaluation,(C),,B009,,Restatement,rephrasing the prompt,option text,
c004,95,This acknowledges the missing constraint.,B011,,Reasoning,option evaluation,(C),,B009,,Reasoning,option evaluation,(C),,B008,,Reasoning,option evaluation,(C),,B009,,Reasoning,option evaluation,(C),
c004,96,"It then adds ""...but the answer is most likely \$0.05"".",B011,,Restatement,rephrasing the prompt,option text,,B009,,Restatement,rephrasing the prompt,option text,,B008,,Reasoning,option evaluation,(C),,B009,,Restatement,rephrasing the prompt,option text,
c004,97,This acknowledges the cultural context/intent of the riddle.,B011,,Reasoning,option evaluation,(C),,B009,,Reasoning,hedge word analysis,everyday reading,,B008,,Reasoning,option evaluation,(C),,B009,,Reasoning,option evaluation,(C),
c004,98,⏎⏎7.,B012,yes,Planning,global plan,,,B010,yes,Planning,global plan,,,B009,yes,Planning,global plan,,,B010,yes,Planning,global plan,,
c004,99,"**Is Option (C) the ""Best"" option?**",B012,,Planning,global plan,,,B010,,Planning,global plan,,,B009,,Planning,global plan,,,B010,,Planning,global plan,,
c004,100,⏎    *   It covers both bases:,B012,,Reasoning,option evaluation,(C),,B010,,Planning,local plan,,,B009,,Planning,local plan,,,B010,,Planning,local plan,,
c004,101,⏎        1.,B012,,Planning,local plan,,,B010,,Reasoning,option evaluation,(C),,B009,,Planning,local plan,,,B010,,Planning,local plan,,
c004,102,Mathematical reality (underdetermined).,B012,,Reasoning,option evaluation,(C),,B010,,Reasoning,option evaluation,(C),,B009,,Reasoning,option evaluation,(C),,B010,,Reasoning,option evaluation,(C),
c004,103,⏎        2.,B012,,Planning,local plan,,,B010,,Reasoning,option evaluation,(C),,B009,,Planning,local plan,,,B010,,Planning,local plan,,
c004,104,Pragmatic reality (it's a known riddle with a specific intended answer).,B012,,Reasoning,option evaluation,(C),,B010,,Reasoning,option evaluation,(C),,B009,,Reasoning,option evaluation,(C),,B010,,Reasoning,option evaluation,(C),
c004,105,⏎    *   Option (A) is incorrect because \$0.01 is just as valid as \$0.05 based on the text provided.,B012,,Reasoning,option evaluation,(A),,B010,,Reasoning,option evaluation,(A),,B009,,Reasoning,option evaluation,(A),,B010,,Reasoning,option evaluation,(A),
c004,106,⏎    *   Option (E) is true but less informative than (C).,B012,,Reasoning,option evaluation,(E),,B010,,Reasoning,comparison,option vs option,,B009,,Reasoning,comparison,option vs option,,B010,,Reasoning,comparison,option vs option,
c004,107,⏎⏎    *Self-Correction/Refinement:* Is there a hidden constraint I'm missing?,B013,yes,Planning,initiate verification,,,B011,yes,Planning,initiate verification,,,B010,yes,Planning,initiate verification,,,B011,yes,Planning,initiate backtracking,,
c004,108,"⏎    ""A bat and a ball..."" implies discrete items.",B013,,Reasoning,logical reasoning,,,B011,,Reasoning,logical reasoning,,,B010,,Reasoning,logical reasoning,,,B011,,Reasoning,logical reasoning,,
c004,109,"⏎    ""...cost \$1.10..."" implies currency.",B013,,Reasoning,logical reasoning,,,B011,,Reasoning,logical reasoning,,,B010,,Reasoning,logical reasoning,,,B011,,Reasoning,logical reasoning,,
c004,110,"⏎    ""...bat costs more..."" implies inequality.",B013,,Reasoning,logical reasoning,,,B011,,Reasoning,logical reasoning,,,B010,,Reasoning,logical reasoning,,,B011,,Reasoning,logical reasoning,,
c004,111,"⏎    If the currency has a smallest unit (cents), then $b$ can be 0.01, 0.02, ...",B013,,Reasoning,logical reasoning,algebra,,B011,,Assumption || Reasoning,assuming an uncertain fact || calculation, || algebra,yes,B010,,Reasoning,calculation,algebra,,B012,yes,Assumption,branching (case split),algebra,
c004,112,0.54.,B013,,Reasoning,logical reasoning,algebra,,B011,,Reasoning,calculation,algebra,,B010,,Reasoning,calculation,algebra,,B012,,Reasoning,calculation,algebra,
c004,113,"⏎    Still, no unique solution.",B013,,Conclusion,intermediate conclusion,,,B011,,Conclusion,intermediate conclusion,,,B010,,Conclusion,intermediate conclusion,,,B012,,Conclusion,intermediate conclusion,,
c004,114,"⏎⏎    *Let's look at the wording of (C) again:* ""There is not enough information, but the answer is most likely \$0.05"".",B013,,Restatement,rephrasing the prompt,option text,,B012,yes,Planning || Restatement,initiate verification || rephrasing the prompt, || option text,yes,B010,,Restatement,rephrasing the prompt,option text,,B013,yes,Planning || Restatement,initiate verification || rephrasing the prompt, || option text,yes
c004,115,⏎    This is the only option that is intellectually honest about the text provided while recognizing the likely source material.,B013,,Reasoning,option evaluation,(C),,B012,,Reasoning,option evaluation,(C),,B010,,Reasoning,option evaluation,(C),,B013,,Reasoning,option evaluation,(C),
c004,116,"⏎⏎    *However*, let's look at the wording of (A).",B014,yes,Planning,global plan,,,B013,yes,Planning,initiate backtracking,,,B010,,Planning,local plan,,,B014,yes,Planning,initiate verification,,
c004,117,"""It is \$0.05"".",B014,,Restatement,rephrasing the prompt,option text,,B013,,Restatement,rephrasing the prompt,option text,,B010,,Restatement,rephrasing the prompt,option text,,B014,,Restatement,rephrasing the prompt,option text,
c004,118,"If this is a test of logic, (A) is a trap.",B014,,Reasoning,option evaluation,(A),,B013,,Reasoning,speculation,intent of the question writer,,B010,,Reasoning,option evaluation,(A),,B014,,Reasoning,option evaluation,(A),
c004,119,"If this is a test of general knowledge/riddles, (A) might be the expected answer for a layperson, but (C) is the answer for a careful reader.",B014,,Reasoning,comparison,option vs option,,B013,,Reasoning,speculation,intent of the question writer,,B010,,Reasoning,comparison,option vs option,,B014,,Reasoning,comparison,option vs option,
c004,120,⏎⏎    Let's re-read the prompt carefully.,B015,yes,Planning,initiate verification,,,B014,yes,Planning,initiate verification,,,B011,yes,Planning,initiate verification,,,B015,yes,Planning,initiate verification,,
c004,121,"⏎    ""A bat and a ball cost $1.10 in total.",B015,,Restatement,rephrasing the prompt,question text,,B014,,Restatement,rephrasing the prompt,question text,,B011,,Restatement,rephrasing the prompt,question text,,B015,,Restatement,rephrasing the prompt,question text,
c004,122,The bat costs more than the ball.,B015,,Restatement,rephrasing the prompt,question text,,B014,,Restatement,rephrasing the prompt,question text,,B011,,Restatement,rephrasing the prompt,question text,,B015,,Restatement,rephrasing the prompt,question text,
c004,123,"How much does the ball cost?""",B015,,Restatement,rephrasing the prompt,question text,,B014,,Restatement,rephrasing the prompt,question text,,B011,,Restatement,rephrasing the prompt,question text,,B015,,Restatement,rephrasing the prompt,question text,
c004,124,"⏎    Strictly speaking, this is an infinite solution space.",B015,,Conclusion,intermediate conclusion,,,B014,,Reasoning,logical reasoning,algebra,,B011,,Conclusion,intermediate conclusion,,,B015,,Conclusion,intermediate conclusion,,
c004,125,⏎    $x + y = 1.10$,B015,,Reasoning,defining symbols,algebra,,B014,,Reasoning,defining symbols,algebra,,B011,,Reasoning,calculation,algebra,,B015,,Restatement,rephrasing an earlier sentence,,
c004,126,⏎    $y > x$,B015,,Reasoning,defining symbols,algebra,,B014,,Reasoning,defining symbols,algebra,,B011,,Reasoning,calculation,algebra,,B015,,Restatement,rephrasing an earlier sentence,,
c004,127,⏎    $x$ (ball) can be anything between 0 and 0.55.,B015,,Reasoning,logical reasoning,algebra,,B014,,Reasoning,calculation,algebra,,B011,,Reasoning,calculation,algebra,,B015,,Restatement,rephrasing an earlier sentence,,
c004,128,"⏎⏎    If I select (A), I am assuming the user made a typo or omitted the crucial ""1.00 more"" phrase.",B015,,Reasoning,option evaluation,(A),,B014,,Reasoning,speculation,intent of the question writer,,B011,,Reasoning,option evaluation,(A),,B015,,Reasoning,option evaluation,(A),
c004,129,"⏎    If I select (C), I am analyzing the text as written.",B015,,Reasoning,option evaluation,(C),,B014,,Reasoning,option evaluation,(C),,B011,,Reasoning,option evaluation,(C),,B015,,Reasoning,option evaluation,(C),
c004,130,"⏎⏎    Usually, in these logic puzzles provided to LLMs, if a key constraint is removed, the answer changes from a specific number to ""Insufficient Information"".",B015,,Reasoning,speculation,intent of the question writer,,B014,,Reasoning,speculation,intent of the question writer,,B011,,Reasoning,speculation,intent of the question writer,,B015,,Reasoning,speculation,intent of the question writer,
c004,131,The presence of option (C) strongly suggests that the question writer *intentionally* removed the constraint to test the AI's ability to distinguish between the famous riddle and the literal text.,B015,,Reasoning,speculation,intent of the question writer,,B014,,Reasoning,speculation,intent of the question writer,,B011,,Reasoning,speculation,intent of the question writer,,B015,,Reasoning,speculation,intent of the question writer,
c004,132,⏎⏎    Let's check Option (B) vs (C).,B016,yes,Planning,initiate verification,,,B015,yes,Planning,initiate verification,,,B012,yes,Planning,initiate verification,,,B016,yes,Planning,initiate verification,,
c004,133,"⏎    (B) ""It is probably \$0.05"".",B016,,Restatement,rephrasing the prompt,option text,,B015,,Restatement,rephrasing the prompt,option text,,B012,,Restatement,rephrasing the prompt,option text,,B016,,Restatement,rephrasing the prompt,option text,
c004,134,"⏎    (C) ""There is not enough information, but the answer is most likely \$0.05"".",B016,,Restatement,rephrasing the prompt,option text,,B015,,Restatement,rephrasing the prompt,option text,,B012,,Restatement,rephrasing the prompt,option text,,B016,,Restatement,rephrasing the prompt,option text,
c004,135,⏎    (C) includes the justification (not enough info) which (B) omits.,B016,,Reasoning,comparison,option vs option,,B015,,Reasoning,comparison,option vs option,,B012,,Reasoning,comparison,option vs option,,B016,,Reasoning,comparison,option vs option,
c004,136,(C) is more precise.,B016,,Reasoning,comparison,option vs option,,B015,,Reflection,meta-evaluation of a step,option (C),,B012,,Reasoning,comparison,option vs option,,B016,,Reasoning,comparison,option vs option,
c004,137,"⏎⏎    **Wait, let's look at Option (F) ""None of the above"".**",B017,yes,Planning,initiate verification,,,B016,yes,Planning,initiate backtracking,,,B013,yes,Planning,initiate verification,,,B017,yes,Planning,initiate verification,,
c004,138,⏎    Is (C) technically correct?,B017,,Reasoning,option evaluation,(C),,B016,,Reasoning,option evaluation,(C),,B013,,Reasoning,option evaluation,(C),,B017,,Reasoning,option evaluation,(C),
c004,139,"⏎    ""There is not enough information"" -> True.",B017,,Reasoning,option evaluation,(C),,B016,,Reasoning,option evaluation,(C),,B013,,Reasoning,option evaluation,(C),,B017,,Reasoning,option evaluation,(C),
c004,140,"⏎    ""but the answer is most likely \$0.05"" -> This is a probabilistic guess based on external context.",B017,,Reasoning,option evaluation,(C),,B016,,Reasoning,hedge word analysis,everyday reading,,B013,,Reasoning,option evaluation,(C),,B017,,Reasoning,option evaluation,(C),
c004,141,Is it a fact?,B017,,Reasoning,option evaluation,(C),,B016,,Reasoning,option evaluation,(C),,B013,,Reasoning,option evaluation,(C),,B017,,Reasoning,logical reasoning,,
c004,142,No.,B017,,Reasoning,option evaluation,(C),,B016,,Reasoning,hedge word analysis,mathematical reading,,B013,,Reasoning,option evaluation,(C),,B017,,Reasoning,logical reasoning,,
c004,143,But it's an opinion/premise included in the option.,B017,,Reasoning,option evaluation,(C),,B016,,Reasoning,hedge word analysis,undecided,,B013,,Reasoning,option evaluation,(C),,B017,,Reasoning,option evaluation,(C),
c004,144,⏎⏎    Let's compare (C) and (E).,B018,yes,Planning,initiate verification,,,B017,yes,Planning,initiate verification,,,B014,yes,Planning,initiate verification,,,B018,yes,Planning,initiate verification,,
c004,145,"⏎    (E) ""The question is not well posed"".",B018,,Restatement,rephrasing the prompt,option text,,B017,,Restatement,rephrasing the prompt,option text,,B014,,Restatement,rephrasing the prompt,option text,,B018,,Restatement,rephrasing the prompt,option text,
c004,146,This is a mathematical classification.,B018,,Reasoning,option evaluation,(E),,B017,,Reasoning,option evaluation,(E),,B014,,Reasoning,option evaluation,(E),,B018,,Reasoning,option evaluation,(E),
c004,147,⏎    (C) is a meta-commentary.,B018,,Reasoning,option evaluation,(C),,B017,,Reasoning,option evaluation,(C),,B014,,Reasoning,option evaluation,(C),,B018,,Reasoning,option evaluation,(C),
c004,148,⏎⏎    **Decision Logic:**,B019,yes,Planning,global plan,,,B018,yes,Planning,announce the conclusion,,,B015,yes,Planning,global plan,,,B019,yes,Planning,global plan,,
c004,149,⏎    1.,B019,,Planning,local plan,,,B018,,Reasoning,logical reasoning,algebra,,B015,,Planning,global plan,,,B019,,Planning,local plan,,
c004,150,The problem as stated has infinite solutions (or at least 54 integer cent solutions).,B019,,Conclusion,intermediate conclusion,,,B018,,Reasoning,logical reasoning,algebra,,B015,,Conclusion,intermediate conclusion,,,B019,,Conclusion,intermediate conclusion,,
c004,151,⏎    2.,B019,,Planning,local plan,,,B018,,Reasoning,option evaluation,(A),,B015,,Planning,local plan,,,B019,,Planning,local plan,,
c004,152,"Therefore, a definitive numerical answer like (A) is incorrect.",B019,,Conclusion,intermediate conclusion,,,B018,,Reasoning,option evaluation,(A),,B015,,Conclusion,intermediate conclusion,,,B019,,Conclusion,intermediate conclusion,,
c004,153,⏎    3.,B019,,Planning,local plan,,,B018,,Knowledge,world knowledge,famous problem (CRT),,B015,,Planning,local plan,,,B019,,Planning,local plan,,
c004,154,"The problem is a variation of the famous ""Bat and Ball"" problem, which *usually* includes ""The bat costs \$1.00 more than the ball.""",B019,,Knowledge,world knowledge,famous problem (CRT),,B018,,Knowledge,world knowledge,famous problem (CRT),,B015,,Knowledge,world knowledge,famous problem (CRT),,B019,,Knowledge,world knowledge,famous problem (CRT),
c004,155,⏎    4.,B019,,Planning,local plan,,,B018,,Reasoning,logical reasoning,algebra,,B015,,Planning,local plan,,,B019,,Planning,local plan,,
c004,156,"Without that specific constraint, we cannot solve it uniquely.",B019,,Conclusion,intermediate conclusion,,,B018,,Reasoning,logical reasoning,algebra,,B015,,Conclusion,intermediate conclusion,,,B019,,Conclusion,intermediate conclusion,,
c004,157,⏎    5.,B019,,Planning,local plan,,,B018,,Reasoning,option evaluation,(C),,B015,,Planning,local plan,,,B019,,Planning,local plan,,
c004,158,Option (C) explicitly states there is not enough information (addressing point 1 & 4) but acknowledges the likely intent (addressing point 3).,B019,,Reasoning,option evaluation,(C),,B018,,Reasoning,option evaluation,(C),,B015,,Reasoning,option evaluation,(C),,B019,,Reasoning,option evaluation,(C),
c004,159,"⏎⏎    Therefore, (C) is the most logical choice.",B019,,Conclusion,intermediate conclusion,,,B018,,Conclusion,intermediate conclusion,,,B015,,Conclusion,intermediate conclusion,,,B019,,Conclusion,intermediate conclusion,,
c004,160,"⏎⏎    *Alternative interpretation check:* Did the user *intend* to write the standard riddle and just forgot the ""1.00 more""?",B020,yes,Planning,initiate verification,,,B019,yes,Planning || Reasoning,initiate verification || speculation, || intent of the question writer,yes,B016,yes,Planning || Reasoning,initiate verification || speculation, || intent of the question writer,yes,B020,yes,Planning,initiate backtracking,,
c004,161,"⏎    If yes, they might want (A).",B020,,Reasoning,option evaluation,(A),,B019,,Reasoning,speculation,intent of the question writer,,B016,,Reasoning,speculation,intent of the question writer,,B020,,Reasoning,speculation,intent of the question writer,
c004,162,"⏎    But if they want (A), why include option (C) which is so specific and accurate regarding the missing info?",B020,,Reasoning,option evaluation,(A),,B019,,Reasoning,speculation,intent of the question writer,,B016,,Reasoning,speculation,intent of the question writer,,B020,,Reasoning,speculation,intent of the question writer,
c004,163,Option (C) exists specifically to catch people who read the text literally.,B020,,Reasoning,option evaluation,(C),,B019,,Reasoning,speculation,intent of the question writer,,B016,,Reasoning,option evaluation,(C),,B020,,Reasoning,speculation,intent of the question writer,
c004,164,"If the text was the standard riddle, (C) would be wrong.",B020,,Reasoning,option evaluation,(C),,B019,,Reasoning,option evaluation,(C),,B016,,Reasoning,option evaluation,(C),,B021,yes,Assumption,branching (case split),,
c004,165,"Since the text is the *modified* riddle, (C) becomes the winning option.",B020,,Reasoning,option evaluation,(C),,B019,,Conclusion,intermediate conclusion,,,B016,,Reasoning,option evaluation,(C),,B021,,Conclusion,intermediate conclusion,,
c004,166,⏎⏎    **Let's double check the prompt text provided in the chat interface:**,B021,yes,Planning,initiate verification,,,B020,yes,Planning,initiate verification,,,B017,yes,Planning,initiate verification,,,B022,yes,Planning,initiate verification,,
c004,167,"⏎    ""A bat and a ball cost $1.10 in total.",B021,,Restatement,rephrasing the prompt,question text,,B020,,Restatement,rephrasing the prompt,question text,,B017,,Restatement,rephrasing the prompt,question text,,B022,,Restatement,rephrasing the prompt,question text,
c004,168,The bat costs more than the ball.,B021,,Restatement,rephrasing the prompt,question text,,B020,,Restatement,rephrasing the prompt,question text,,B017,,Restatement,rephrasing the prompt,question text,,B022,,Restatement,rephrasing the prompt,question text,
c004,169,"How much does the ball cost?""",B021,,Restatement,rephrasing the prompt,question text,,B020,,Restatement,rephrasing the prompt,question text,,B017,,Restatement,rephrasing the prompt,question text,,B022,,Restatement,rephrasing the prompt,question text,
c004,170,"⏎    Yes, ""1.00 more"" is missing.",B021,,Reasoning,comparison,prompt vs original text,,B020,,Reasoning,comparison,prompt vs original text,,B017,,Conclusion,intermediate conclusion,,,B022,,Restatement,rephrasing an earlier sentence,,
c004,171,⏎⏎    **Reasoning Summary:**,B022,yes,Planning,global plan,,,B021,yes,Planning,global plan,,,B018,yes,Planning,global plan,,,B023,yes,Planning,global plan,,
c004,172,"⏎    The problem describes a system with two variables ($x$ = ball, $y$ = bat).",B022,,Reasoning,defining symbols,algebra,,B021,,Restatement,rephrasing an earlier sentence,,,B018,,Reasoning,defining symbols,algebra,,B023,,Restatement,rephrasing an earlier sentence,,
c004,173,⏎    1.,B022,,Planning,local plan,,,B021,,Restatement,rephrasing an earlier sentence,,,B018,,Planning,local plan,,,B023,,Planning,local plan,,
c004,174,$x + y = 1.10$,B022,,Reasoning,defining symbols,algebra,,B021,,Restatement,rephrasing an earlier sentence,,,B018,,Restatement,rephrasing an earlier sentence,,,B023,,Restatement,rephrasing an earlier sentence,,
c004,175,⏎    2.,B022,,Planning,local plan,,,B021,,Restatement,rephrasing an earlier sentence,,,B018,,Planning,local plan,,,B023,,Planning,local plan,,
c004,176,$y > x$,B022,,Reasoning,defining symbols,algebra,,B021,,Restatement,rephrasing an earlier sentence,,,B018,,Restatement,rephrasing an earlier sentence,,,B023,,Restatement,rephrasing an earlier sentence,,
c004,177,⏎    There are infinitely many solutions (or at least 54 distinct solutions in whole cents) where the ball costs any amount from \$0.01 to \$0.54.,B022,,Conclusion,intermediate conclusion,,,B021,,Restatement,rephrasing an earlier sentence,,,B018,,Reasoning,logical reasoning,algebra,,B023,,Restatement,rephrasing an earlier sentence,,
c004,178,"⏎    For example, if the ball is \$0.01, the bat is \$1.09.",B022,,Example,non-exhaustive listing,algebra,,B021,,Restatement,rephrasing an earlier sentence,,,B018,,Example,non-exhaustive listing,algebra,,B023,,Example,non-exhaustive listing,algebra,
c004,179,The bat costs more.,B022,,Example,non-exhaustive listing,algebra,,B021,,Restatement,rephrasing an earlier sentence,,,B018,,Example,non-exhaustive listing,algebra,,B023,,Reasoning,logical reasoning,algebra,
c004,180,The total is \$1.10.,B022,,Example,non-exhaustive listing,algebra,,B021,,Restatement,rephrasing an earlier sentence,,,B018,,Example,non-exhaustive listing,algebra,,B023,,Reasoning,logical reasoning,algebra,
c004,181,"⏎    If the ball is \$0.05, the bat is \$1.05.",B022,,Example,non-exhaustive listing,algebra,,B021,,Restatement,rephrasing an earlier sentence,,,B018,,Example,non-exhaustive listing,algebra,,B023,,Example,non-exhaustive listing,algebra,
c004,182,The bat costs more.,B022,,Example,non-exhaustive listing,algebra,,B021,,Restatement,rephrasing an earlier sentence,,,B018,,Example,non-exhaustive listing,algebra,,B023,,Reasoning,logical reasoning,algebra,
c004,183,The total is \$1.10.,B022,,Example,non-exhaustive listing,algebra,,B021,,Restatement,rephrasing an earlier sentence,,,B018,,Example,non-exhaustive listing,algebra,,B023,,Reasoning,logical reasoning,algebra,
c004,184,"⏎    Since the specific relationship ""The bat costs \$1.00 more than the ball"" is missing from the text provided, the exact price cannot be determined mathematically.",B022,,Conclusion,intermediate conclusion,,,B021,,Restatement,rephrasing an earlier sentence,,,B018,,Conclusion,intermediate conclusion,,,B023,,Conclusion,intermediate conclusion,,
c004,185,"⏎    However, this is a famous riddle (the Cognitive Reflection Test) where the intended constraint is almost always that the bat costs \$1.00 more than the ball, leading to the answer \$0.05.",B022,,Knowledge,world knowledge,famous problem (CRT),,B021,,Restatement,rephrasing an earlier sentence,,,B018,,Knowledge,world knowledge,famous problem (CRT),,B023,,Knowledge,world knowledge,famous problem (CRT),
c004,186,⏎    Option (C) correctly identifies the lack of sufficient information to solve it definitively while acknowledging the probable intent of the question based on common cultural knowledge.,B022,,Reasoning,option evaluation,(C),,B021,,Restatement,rephrasing an earlier sentence,,,B018,,Reasoning,option evaluation,(C),,B023,,Reasoning,option evaluation,(C),
c004,187,⏎⏎    **Let's verify Option (C) syntax.**,B023,yes,Planning,initiate verification,,,B022,yes,Planning,initiate verification,,,B019,yes,Planning,initiate verification,,,B024,yes,Planning,initiate verification,,
c004,188,"⏎    ""There is not enough information, but the answer is most likely $0.05""",B023,,Restatement,rephrasing the prompt,option text,,B022,,Restatement,rephrasing the prompt,option text,,B019,,Restatement,rephrasing the prompt,option text,,B024,,Restatement,rephrasing the prompt,option text,
c004,189,⏎    This fits perfectly.,B023,,Reflection,meta-evaluation of a step,option (C),,B022,,Reflection,meta-evaluation of a step,option (C),,B019,,Reflection,meta-evaluation of a step,option (C),,B024,,Reflection,meta-evaluation of a step,option (C),
c004,190,⏎⏎    **What if the answer is (F)?**,B024,yes,Planning,initiate backtracking,,,B023,yes,Planning,initiate backtracking,,,B020,yes,Planning || Reasoning,initiate verification || speculation, || ,yes,B025,yes,Planning,initiate backtracking,,
c004,191,"⏎    If one argues that ""most likely"" is not a valid mathematical deduction, (C) might be considered subjective.",B024,,Reasoning,option evaluation,(C),,B023,,Reasoning,hedge word analysis,mathematical reading,,B020,,Reasoning,option evaluation,(C),,B025,,Reasoning,option evaluation,(C),
c004,192,"However, in a multiple-choice context involving riddles, (C) is clearly designed to be the correct choice for a text that is an under-specified version of a standard problem.",B024,,Reasoning,option evaluation,(C),,B023,,Reasoning,speculation,intent of the question writer,,B020,,Reasoning,option evaluation,(C),,B025,,Reasoning,option evaluation,(C),
c004,193,⏎⏎    **Let's check if there is a linguistic trick.**,B025,yes,Planning,initiate verification,,,B024,yes,Planning,initiate verification,,,B021,yes,Planning,initiate verification,,,B026,yes,Planning,initiate verification,,
c004,194,"⏎    ""A bat and a ball...""",B025,,Restatement,rephrasing the prompt,option text,,B024,,Restatement,rephrasing the prompt,question text,,B021,,Restatement,rephrasing the prompt,question text,,B026,,Restatement,rephrasing the prompt,question text,
c004,195,"⏎    Could ""A bat"" mean a specific bat?",B025,,Reasoning,logical reasoning,,,B024,,Reasoning,logical reasoning,,,B021,,Reasoning,logical reasoning,,,B026,,Reasoning,logical reasoning,,
c004,196,No.,B025,,Reasoning,logical reasoning,,,B024,,Reasoning,logical reasoning,,,B021,,Reasoning,logical reasoning,,,B026,,Reasoning,logical reasoning,,
c004,197,"⏎    Could ""costs more"" imply a specific integer relationship?",B025,,Reasoning,logical reasoning,,,B024,,Reasoning,logical reasoning,,,B021,,Reasoning,logical reasoning,,,B026,,Reasoning,logical reasoning,,
c004,198,No.,B025,,Reasoning,logical reasoning,,,B024,,Reasoning,logical reasoning,,,B021,,Reasoning,logical reasoning,,,B026,,Reasoning,logical reasoning,,
c004,199,⏎⏎    **Conclusion:**,B026,yes,Planning,announce the conclusion,,,B025,yes,Planning,announce the conclusion,,,B022,yes,Planning,announce the conclusion,,,B027,yes,Planning,announce the conclusion,,
c004,200,⏎    The text is under-specified.,B026,,Conclusion,intermediate conclusion,,,B025,,Conclusion,intermediate conclusion,,,B022,,Conclusion,intermediate conclusion,,,B027,,Conclusion,intermediate conclusion,,
c004,201,⏎    Option (C) captures this under-specification and the cultural context.,B026,,Reasoning,option evaluation,(C),,B025,,Conclusion,intermediate conclusion,,,B022,,Conclusion,intermediate conclusion,,,B027,,Conclusion,intermediate conclusion,,
c004,202,"⏎⏎    *Self-Correction on ""Best Option"":*",B027,yes,Planning,initiate verification,,,B026,yes,Planning,initiate verification,,,B023,yes,Planning,initiate verification,,,B028,yes,Planning,initiate backtracking,,
c004,203,"⏎    Sometimes these questions are trick questions where the answer is actually (A) because in the ""real world"" or ""standardized testing context"" you are expected to know the riddle.",B027,,Reasoning,option evaluation,(A),,B026,,Reasoning,speculation,intent of the question writer,,B023,,Reasoning,option evaluation,(A),,B028,,Reasoning,option evaluation,(A),
c004,204,"But usually, LLMs are evaluated on their ability to follow instructions and analyze text accurately.",B027,,Knowledge,self-knowledge,evaluation context,,B026,,Knowledge,self-knowledge,evaluation context,,B023,,Knowledge,self-knowledge,evaluation context,,B028,,Knowledge,self-knowledge,evaluation context,
c004,205,Analyzing text accurately reveals the missing constraint.,B027,,Reasoning,logical reasoning,,,B026,,Reasoning,logical reasoning,,,B023,,Reasoning,logical reasoning,,,B028,,Reasoning,logical reasoning,,
c004,206,"⏎    Also, the options provided (A, B, C, D, E, F) are very specific.",B027,,Reasoning,option evaluation,(C),,B026,,Reasoning,speculation,intent of the question writer,,B023,,Reasoning,logical reasoning,,,B028,,Reasoning,logical reasoning,,
c004,207,"If the answer were simply (A), options B, C, D, E would be generic distractors.",B027,,Reasoning,option evaluation,(C),,B026,,Reasoning,speculation,intent of the question writer,,B023,,Reasoning,logical reasoning,,,B028,,Reasoning,logical reasoning,,
c004,208,"The fact that C contains the phrase ""There is not enough information"" strongly signals that the question is testing the observation of the missing constraint.",B027,,Reasoning,option evaluation,(C),,B026,,Reasoning,speculation,intent of the question writer,,B023,,Reasoning,option evaluation,(C),,B028,,Reasoning,speculation,intent of the question writer,
c004,209,⏎⏎    Let's confirm the math for the standard riddle just to be sure.,B028,yes,Planning,initiate verification,,,B027,yes,Planning,initiate verification,,,B024,yes,Planning,initiate verification,,,B029,yes,Planning,initiate verification,,
c004,210,⏎    $x + y = 1.10$,B028,,Reasoning,defining symbols,algebra,,B027,,Reasoning,calculation,algebra,,B024,,Reasoning,calculation,algebra,,B029,,Reasoning,calculation,algebra,
c004,211,⏎    $y = x + 1.00$,B028,,Assumption,assuming a missing premise by common practice,"""$1.00 more""",,B027,,Reasoning,calculation,algebra,,B024,,Reasoning,calculation,algebra,,B029,,Reasoning,calculation,algebra,
c004,212,⏎    $x + (x + 1.00) = 1.10$,B028,,Reasoning,calculation,algebra,,B027,,Reasoning,calculation,algebra,,B024,,Reasoning,calculation,algebra,,B029,,Reasoning,calculation,algebra,
c004,213,⏎    $2x = 0.10$,B028,,Reasoning,calculation,algebra,,B027,,Reasoning,calculation,algebra,,B024,,Reasoning,calculation,algebra,,B029,,Reasoning,calculation,algebra,
c004,214,⏎    $x = 0.05$,B028,,Reasoning,calculation,algebra,,B027,,Reasoning,calculation,algebra,,B024,,Reasoning,calculation,algebra,,B029,,Reasoning,calculation,algebra,
c004,215,"⏎    Yes, standard answer is 0.05.",B028,,Conclusion,intermediate conclusion,,,B027,,Reasoning,calculation,algebra,,B024,,Conclusion,intermediate conclusion,,,B029,,Conclusion,intermediate conclusion,,
c004,216,"⏎⏎    But with text ""The bat costs more than the ball"":",B028,,Planning,local plan,,,B028,yes,Assumption,branching (case split),algebra,,B024,,Planning,local plan,,,B029,,Planning,local plan,,
c004,217,⏎    $y > x$,B028,,Reasoning,defining symbols,algebra,,B028,,Reasoning,defining symbols,algebra,,B024,,Restatement,rephrasing an earlier sentence,,,B029,,Restatement,rephrasing an earlier sentence,,
c004,218,⏎    $x + y = 1.10$,B028,,Reasoning,defining symbols,algebra,,B028,,Reasoning,defining symbols,algebra,,B024,,Restatement,rephrasing an earlier sentence,,,B029,,Restatement,rephrasing an earlier sentence,,
c004,219,⏎    Substitute $y$:,B028,,Planning,local plan,,,B028,,Planning,local plan,,,B024,,Planning,local plan,,,B029,,Planning,local plan,,
c004,220,$x + (1.10 - x) = 1.10$,B028,,Reasoning,calculation,algebra,,B028,,Reasoning,calculation,algebra,,B024,,Reasoning,calculation,algebra,,B029,,Reasoning,calculation,algebra,
c004,221,(Identity),B028,,Reasoning,logical reasoning,algebra,,B028,,Reflection,meta-evaluation of a step,,,B024,,Reasoning,logical reasoning,algebra,,B029,,Reflection,meta-evaluation of a step,,
c004,222,⏎    Constraint:,B028,,Planning,local plan,,,B028,,Planning,local plan,,,B024,,Planning,local plan,,,B029,,Planning,local plan,,
c004,223,$1.10 - x > x \Rightarrow 1.10 > 2x \Rightarrow 0.55 > x$.,B028,,Reasoning,calculation,algebra,,B028,,Reasoning,calculation,algebra,,B024,,Reasoning,calculation,algebra,,B029,,Reasoning,calculation,algebra,
c004,224,⏎    So $x$ can be any value $< 0.55$.,B028,,Conclusion,intermediate conclusion,,,B028,,Reasoning,calculation,algebra,,B024,,Conclusion,intermediate conclusion,,,B029,,Conclusion,intermediate conclusion,,
c004,225,"⏎⏎    Therefore, (A) is incorrect as a definitive statement.",B028,,Reasoning,option evaluation,(A),,B028,,Reasoning,option evaluation,(A),,B024,,Conclusion,intermediate conclusion,,,B029,,Conclusion,intermediate conclusion,,
c004,226,⏎    (C) is the most accurate statement.,B028,,Reasoning,option evaluation,(C),,B028,,Conclusion,intermediate conclusion,,,B024,,Conclusion,intermediate conclusion,,,B029,,Conclusion,intermediate conclusion,,
c004,227,"⏎⏎    **Final check of the Prompt:** ""Choose the single best option"".",B028,,Restatement,rephrasing the prompt,answer-format instruction,,B029,yes,Planning || Restatement,initiate verification || rephrasing the prompt, || answer-format instruction,yes,B024,,Restatement,rephrasing the prompt,answer-format instruction,,B030,yes,Planning || Restatement,initiate verification || rephrasing the prompt, || answer-format instruction,yes
c004,228,⏎    (C) is the best.,B028,,Conclusion,intermediate conclusion,,,B029,,Conclusion,intermediate conclusion,,,B024,,Conclusion,intermediate conclusion,,,B030,,Conclusion,intermediate conclusion,,
c004,229,⏎⏎    **Drafting the Explanation:**,B029,yes,Planning,global plan,,,B030,yes,Planning,global plan,,,B025,yes,Planning,global plan,,,B031,yes,Planning,global plan,,
c004,230,⏎    1.,B029,,Planning,local plan,,,B030,,Planning,local plan,,,B025,,Planning,local plan,,,B031,,Planning,local plan,,
c004,231,Define variables:,B029,,Reasoning,defining symbols,algebra,,B030,,Planning,local plan,,,B025,,Reasoning,defining symbols,algebra,,B031,,Planning,local plan,,
c004,232,Let $b$ be the cost of the ball and $B$ be the cost of the bat.,B029,,Reasoning,defining symbols,algebra,,B030,,Reasoning,defining symbols,algebra,,B025,,Reasoning,defining symbols,algebra,,B031,,Reasoning,defining symbols,algebra,
c004,233,⏎    2.,B029,,Planning,local plan,,,B030,,Planning,local plan,,,B025,,Planning,local plan,,,B031,,Planning,local plan,,
c004,234,Translate text to equations:,B029,,Planning,local plan,,,B030,,Planning,local plan,,,B025,,Planning,local plan,,,B031,,Planning,local plan,,
c004,235,⏎        *   $b + B = 1.10$,B029,,Restatement,rephrasing an earlier sentence,,,B030,,Restatement,rephrasing an earlier sentence,,,B025,,Restatement,rephrasing an earlier sentence,,,B031,,Restatement,rephrasing an earlier sentence,,
c004,236,⏎        *   $B > b$,B029,,Restatement,rephrasing an earlier sentence,,,B030,,Restatement,rephrasing an earlier sentence,,,B025,,Restatement,rephrasing an earlier sentence,,,B031,,Restatement,rephrasing an earlier sentence,,
c004,237,⏎    3.,B029,,Planning,local plan,,,B030,,Planning,local plan,,,B025,,Planning,local plan,,,B031,,Planning,local plan,,
c004,238,Analyze solvability:,B029,,Planning,local plan,,,B030,,Planning,local plan,,,B025,,Planning,local plan,,,B031,,Planning,local plan,,
c004,239,We have one equation and one inequality with two unknowns.,B029,,Restatement,rephrasing an earlier sentence,,,B030,,Restatement,rephrasing an earlier sentence,,,B025,,Reasoning,logical reasoning,algebra,,B031,,Restatement,rephrasing an earlier sentence,,
c004,240,"This system has infinite solutions (specifically, any value for $b$ between \$0.00 and \$0.55, excluding endpoints, works).",B029,,Conclusion,intermediate conclusion,,,B030,,Restatement,rephrasing an earlier sentence,,,B025,,Reasoning,logical reasoning,algebra,,B031,,Restatement,rephrasing an earlier sentence,,
c004,241,"For instance, if the ball is \$0.01, the bat is \$1.09.",B029,,Example,non-exhaustive listing,algebra,,B030,,Restatement,rephrasing an earlier sentence,,,B025,,Example,non-exhaustive listing,algebra,,B031,,Example,non-exhaustive listing,algebra,
c004,242,"The total is \$1.10, and \$1.09 > \$0.01.",B029,,Example,non-exhaustive listing,algebra,,B030,,Restatement,rephrasing an earlier sentence,,,B025,,Example,non-exhaustive listing,algebra,,B031,,Reasoning,logical reasoning,algebra,
c004,243,⏎    4.,B029,,Planning,local plan,,,B030,,Planning,local plan,,,B025,,Planning,local plan,,,B031,,Planning,local plan,,
c004,244,Address the missing context:,B029,,Planning,local plan,,,B030,,Planning,local plan,,,B025,,Planning,local plan,,,B031,,Planning,local plan,,
c004,245,"This problem is a well-known variation of the ""Bat and Ball"" problem from the Cognitive Reflection Test.",B029,,Knowledge,world knowledge,famous problem (CRT),,B030,,Restatement,rephrasing an earlier sentence,,,B025,,Knowledge,world knowledge,famous problem (CRT),,B031,,Restatement,rephrasing an earlier sentence,,
c004,246,"The standard version includes the constraint ""The bat costs \$1.00 more than the ball,"" which uniquely determines the ball's cost as \$0.05.",B029,,Knowledge,world knowledge,famous problem (CRT),,B030,,Restatement,rephrasing an earlier sentence,,,B025,,Knowledge,world knowledge,famous problem (CRT),,B031,,Restatement,rephrasing an earlier sentence,,
c004,247,⏎    5.,B029,,Planning,local plan,,,B030,,Planning,local plan,,,B025,,Planning,local plan,,,B031,,Planning,local plan,,
c004,248,Evaluate options:,B029,,Planning,local plan,,,B030,,Planning,local plan,,,B025,,Planning,local plan,,,B031,,Planning,local plan,,
c004,249,"Since the specific constraint is missing in the provided text, a definitive mathematical answer cannot be derived.",B029,,Conclusion,intermediate conclusion,,,B030,,Restatement,rephrasing an earlier sentence,,,B025,,Conclusion,intermediate conclusion,,,B031,,Restatement,rephrasing an earlier sentence,,
c004,250,"However, given the phrasing is a near-exact copy of the famous riddle, the *intended* answer is likely \$0.05.",B029,,Reasoning,option evaluation,(A),,B030,,Restatement,rephrasing an earlier sentence,,,B025,,Conclusion,intermediate conclusion,,,B031,,Restatement,rephrasing an earlier sentence,,
c004,251,⏎    6.,B029,,Planning,local plan,,,B030,,Planning,local plan,,,B025,,Planning,local plan,,,B031,,Planning,local plan,,
c004,252,Select Option:,B029,,Planning,local plan,,,B030,,Planning,local plan,,,B025,,Planning,local plan,,,B031,,Planning,local plan,,
c004,253,Option (C) captures both the mathematical reality (insufficient info) and the pragmatic likelihood (it's a riddle).,B029,,Reasoning,option evaluation,(C),,B030,,Conclusion,intermediate conclusion,,,B025,,Reasoning,option evaluation,(C),,B031,,Conclusion,intermediate conclusion,,
c004,254,"⏎⏎    Wait, is there an argument for (E)?",B030,yes,Planning,initiate verification,,,B031,yes,Planning,initiate backtracking,,,B026,yes,Planning,initiate verification,,,B032,yes,Planning,initiate backtracking,,
c004,255,"""The question is not well posed"".",B030,,Restatement,rephrasing the prompt,option text,,B031,,Restatement,rephrasing the prompt,option text,,B026,,Restatement,rephrasing the prompt,option text,,B032,,Restatement,rephrasing the prompt,option text,
c004,256,"⏎    A problem is ""well-posed"" (Hadamard) if it has a solution, the solution is unique, and the solution depends continuously on the data.",B030,,Knowledge,concept or definition,well-posedness,,B031,,Knowledge,concept or definition,well-posedness,,B026,,Knowledge,concept or definition,well-posedness,,B032,,Knowledge,concept or definition,well-posedness,
c004,257,"Here, the solution is not unique.",B030,,Reasoning,logical reasoning,,,B031,,Reasoning,logical reasoning,algebra,,B026,,Reasoning,logical reasoning,,,B032,,Reasoning,option evaluation,(E),
c004,258,So it is technically not well-posed.,B030,,Conclusion,intermediate conclusion,,,B031,,Reasoning,option evaluation,(E),,B026,,Conclusion,intermediate conclusion,,,B032,,Conclusion,intermediate conclusion,,
c004,259,"⏎    However, (C) is more descriptive and helpful in the context of a multiple-choice quiz.",B030,,Reasoning,option evaluation,(C),,B031,,Reasoning,comparison,option vs option,,B026,,Reasoning,option evaluation,(C),,B032,,Reasoning,comparison,option vs option,
c004,260,It explains *why* it's not well-posed (not enough info) and guesses the intent.,B030,,Reasoning,option evaluation,(C),,B031,,Reasoning,option evaluation,(C),,B026,,Reasoning,option evaluation,(C),,B032,,Reasoning,option evaluation,(C),
c004,261,"(C) is ""better"" than (E) because (E) is a dry mathematical classification, while (C) addresses the user's probable confusion.",B030,,Reasoning,comparison,option vs option,,B031,,Reasoning,comparison,option vs option,,B026,,Reasoning,comparison,option vs option,,B032,,Reasoning,comparison,option vs option,
c004,262,"⏎    Furthermore, (C) explicitly validates the \$0.05 figure which is the ""trap"" answer or the ""intended"" answer.",B030,,Reasoning,option evaluation,(C),,B031,,Reasoning,option evaluation,(C),,B026,,Reasoning,option evaluation,(C),,B032,,Reasoning,option evaluation,(C),
c004,263,⏎⏎    Let's check if (F) is a trap.,B031,yes,Planning,initiate verification,,,B032,yes,Planning,initiate verification,,,B027,yes,Planning,initiate verification,,,B033,yes,Planning,initiate verification,,
c004,264,"If (C) is considered ""wishful thinking"" regarding the ""most likely"" part, then (E) or (F) might be preferred.",B031,,Reasoning,option evaluation,(F),,B032,,Reasoning,hedge word analysis,mathematical reading,,B027,,Reasoning,option evaluation,(F),,B033,,Reasoning,comparison,option vs option,
c004,265,"But in natural language reasoning tasks, (C) is the standard ""correct"" response for this specific trick question.",B031,,Reasoning,option evaluation,(C),,B032,,Reasoning,speculation,intent of the question writer,,B027,,Reasoning,option evaluation,(C),,B033,,Conclusion,intermediate conclusion,,
c004,266,⏎⏎    Let's look at the wording of (C) again.,B032,yes,Planning,initiate verification,,,B033,yes,Planning,initiate verification,,,B028,yes,Planning,initiate verification,,,B034,yes,Planning,initiate verification,,
c004,267,"""There is not enough information, but the answer is most likely $0.05"".",B032,,Restatement,rephrasing the prompt,option text,,B033,,Restatement,rephrasing the prompt,option text,,B028,,Restatement,rephrasing the prompt,option text,,B034,,Restatement,rephrasing the prompt,option text,
c004,268,⏎    This is a compound statement.,B032,,Reflection,meta-evaluation of a step,option (C),,B033,,Reasoning,logical reasoning,,,B028,,Reflection,meta-evaluation of a step,option (C),,B034,,Reflection,meta-evaluation of a step,option (C),
c004,269,⏎    Part 1:,B032,,Planning,local plan,,,B033,,Planning,local plan,,,B028,,Planning,local plan,,,B034,,Planning,local plan,,
c004,270,"""There is not enough information"" -> TRUE.",B032,,Reasoning,option evaluation,(C),,B033,,Reasoning,option evaluation,(C),,B028,,Reasoning,option evaluation,(C),,B034,,Reasoning,option evaluation,(C),
c004,271,⏎    Part 2:,B032,,Planning,local plan,,,B033,,Planning,local plan,,,B028,,Planning,local plan,,,B034,,Planning,local plan,,
c004,272,"""the answer is most likely $0.05"" -> PLASIBLE (based on priors of riddle frequency).",B032,,Reasoning,option evaluation,(C),,B033,,Reasoning,hedge word analysis,everyday reading,,B028,,Reasoning,option evaluation,(C),,B034,,Reasoning,option evaluation,(C),
c004,273,⏎    The conjunction holds.,B032,,Reasoning,option evaluation,(C),,B033,,Reasoning,option evaluation,(C),,B028,,Reasoning,option evaluation,(C),,B034,,Conclusion,intermediate conclusion,,
c004,274,"⏎⏎    If I choose (A), I fail the logic test (missing constraint).",B032,,Reasoning,option evaluation,(A),,B033,,Reasoning,option evaluation,(A),,B028,,Reasoning,option evaluation,(A),,B034,,Reasoning,option evaluation,(A),
c004,275,"⏎    If I choose (E), I am technically correct but perhaps pedantic and missing the ""spirit"" of the riddle options provided.",B032,,Reasoning,option evaluation,(E),,B033,,Reasoning,option evaluation,(E),,B028,,Reasoning,option evaluation,(E),,B034,,Reasoning,option evaluation,(E),
c004,276,⏎    (C) balances both.,B032,,Reasoning,option evaluation,(C),,B033,,Reflection,meta-evaluation of a step,option (C),,B028,,Reasoning,option evaluation,(C),,B034,,Reasoning,comparison,option vs option,
c004,277,"⏎⏎    Let's consider if ""A bat"" and ""A ball"" implies standard merchandise.",B033,yes,Planning,initiate verification,,,B034,yes,Planning,initiate backtracking,,,B029,yes,Planning,initiate verification,,,B035,yes,Planning,initiate verification,,
c004,278,A ball for \$0.01?,B033,,Reasoning,commonsense reasoning,,,B034,,Reasoning,commonsense reasoning,,,B029,,Reasoning,commonsense reasoning,,,B035,,Reasoning,commonsense reasoning,,
c004,279,Unlikely.,B033,,Reasoning,commonsense reasoning,,,B034,,Reasoning,commonsense reasoning,,,B029,,Reasoning,commonsense reasoning,,,B035,,Reasoning,commonsense reasoning,,
c004,280,A bat for \$1.09?,B033,,Reasoning,commonsense reasoning,,,B034,,Reasoning,commonsense reasoning,,,B029,,Reasoning,commonsense reasoning,,,B035,,Reasoning,commonsense reasoning,,
c004,281,Maybe a toy bat.,B033,,Reasoning,commonsense reasoning,,,B034,,Reasoning,commonsense reasoning,,,B029,,Reasoning,commonsense reasoning,,,B035,,Reasoning,commonsense reasoning,,
c004,282,A ball for \$0.05?,B033,,Reasoning,commonsense reasoning,,,B034,,Reasoning,commonsense reasoning,,,B029,,Reasoning,commonsense reasoning,,,B035,,Reasoning,commonsense reasoning,,
c004,283,Very cheap.,B033,,Reasoning,commonsense reasoning,,,B034,,Reasoning,commonsense reasoning,,,B029,,Reasoning,commonsense reasoning,,,B035,,Reasoning,commonsense reasoning,,
c004,284,A bat for \$1.05?,B033,,Reasoning,commonsense reasoning,,,B034,,Reasoning,commonsense reasoning,,,B029,,Reasoning,commonsense reasoning,,,B035,,Reasoning,commonsense reasoning,,
c004,285,Cheap.,B033,,Reasoning,commonsense reasoning,,,B034,,Reasoning,commonsense reasoning,,,B029,,Reasoning,commonsense reasoning,,,B035,,Reasoning,commonsense reasoning,,
c004,286,"⏎    Without context of ""toy"" or ""professional"", prices are unconstrained.",B033,,Reasoning,logical reasoning,,,B034,,Reasoning,commonsense reasoning,,,B029,,Reasoning,commonsense reasoning,,,B035,,Conclusion,intermediate conclusion,,
c004,287,⏎⏎    I will stick with (C).,B033,,Conclusion,intermediate conclusion,,,B034,,Conclusion,intermediate conclusion,,,B029,,Conclusion,intermediate conclusion,,,B035,,Conclusion,intermediate conclusion,,
c004,288,"⏎⏎    **Wait, hold on.**",B033,,Reflection,emotion or impression,,,B035,yes,Planning,initiate verification,,,B030,yes,Planning,initiate backtracking,,,B036,yes,Planning,initiate backtracking,,
c004,289,"⏎    Is there a linguistic interpretation where ""The bat costs more than the ball"" implies a specific relationship?",B034,yes,Planning,initiate verification,,,B035,,Reasoning,logical reasoning,,,B030,,Planning,initiate verification,,,B036,,Reasoning,logical reasoning,,
c004,290,No.,B034,,Reasoning,logical reasoning,,,B035,,Reasoning,logical reasoning,,,B030,,Reasoning,logical reasoning,,,B036,,Reasoning,logical reasoning,,
c004,291,⏎    Is it possible the user made a typo and *wants* me to correct it and answer (A)?,B035,yes,Planning,initiate verification,,,B035,,Reasoning,speculation,intent of the question writer,,B031,yes,Planning || Reasoning,initiate verification || speculation, || intent of the question writer,yes,B036,,Reasoning,speculation,intent of the question writer,
c004,292,"⏎    If I am an AI assistant, being helpful usually means spotting the typo.",B035,,Reasoning,speculation,intent of the question writer,,B035,,Knowledge,self-knowledge,role,,B031,,Reasoning,speculation,intent of the question writer,,B036,,Knowledge,self-knowledge,role,
c004,293,But being accurate means following the prompt.,B035,,Reasoning,speculation,intent of the question writer,,B035,,Knowledge,self-knowledge,role,,B031,,Reasoning,speculation,intent of the question writer,,B036,,Knowledge,self-knowledge,role,
c004,294,⏎    The prompt includes options that specifically cater to the typo/omission (Option C).,B035,,Reasoning,option evaluation,(C),,B035,,Reasoning,speculation,intent of the question writer,,B031,,Reasoning,speculation,intent of the question writer,,B036,,Reasoning,logical reasoning,,
c004,295,"If the user just wanted the answer to the riddle, they would provide options like:",B035,,Reasoning,speculation,intent of the question writer,,B035,,Reasoning || Planning,speculation || local plan,intent of the question writer || ,yes,B031,,Reasoning,speculation,intent of the question writer,,B037,yes,Assumption,branching (case split),,
c004,296,(A) 0.05 (B) 0.10 (C) 1.05.,B035,,Reasoning,speculation,intent of the question writer,,B035,,Example,rhetorical example,,,B031,,Example,non-exhaustive listing,algebra,,B037,,Example,rhetorical example,,
c004,297,"⏎    The presence of meta-options (C, D, E) indicates a logic test, not a riddle check.",B035,,Reasoning,logical reasoning,,,B035,,Reasoning,speculation,intent of the question writer,,B031,,Reasoning,logical reasoning,,,B037,,Reasoning,speculation,intent of the question writer,
c004,298,"⏎    In a logic test, literal interpretation is king.",B035,,Reasoning,logical reasoning,,,B035,,Reasoning,speculation,intent of the question writer,,B031,,Reasoning,logical reasoning,,,B037,,Reasoning,logical reasoning,,
c004,299,⏎    Literal interpretation = Underdetermined.,B035,,Conclusion,intermediate conclusion,,,B035,,Reasoning,logical reasoning,,,B031,,Conclusion,intermediate conclusion,,,B037,,Conclusion,intermediate conclusion,,
c004,300,⏎    Option (C) = Underdetermined + Context guess.,B035,,Conclusion,intermediate conclusion,,,B035,,Reasoning,option evaluation,(C),,B031,,Conclusion,intermediate conclusion,,,B037,,Conclusion,intermediate conclusion,,
c004,301,"⏎⏎    Therefore, (C) is the intended answer for this specific multiple choice setup.",B035,,Conclusion,intermediate conclusion,,,B035,,Conclusion,intermediate conclusion,,,B031,,Conclusion,intermediate conclusion,,,B037,,Conclusion,intermediate conclusion,,
c004,302,⏎⏎    **Step-by-step derivation for the final output:**,B036,yes,Planning,global plan,,,B036,yes,Planning,global plan,,,B032,yes,Planning,global plan,,,B038,yes,Planning,global plan,,
c004,303,⏎    1.,B036,,Planning,local plan,,,B036,,Planning,local plan,,,B032,,Planning,local plan,,,B038,,Planning,local plan,,
c004,304,Identify the equations:,B036,,Reasoning,defining symbols,algebra,,B036,,Planning,local plan,,,B032,,Planning,local plan,,,B038,,Planning,local plan,,
c004,305,Ball ($x$) + Bat ($y$) = 1.10.,B036,,Reasoning,defining symbols,algebra,,B036,,Restatement,rephrasing an earlier sentence,,,B032,,Restatement,rephrasing an earlier sentence,,,B038,,Restatement,rephrasing an earlier sentence,,
c004,306,Constraint:,B036,,Planning,local plan,,,B036,,Planning,local plan,,,B032,,Planning,local plan,,,B038,,Planning,local plan,,
c004,307,$y > x$.,B036,,Reasoning,defining symbols,algebra,,B036,,Restatement,rephrasing an earlier sentence,,,B032,,Restatement,rephrasing an earlier sentence,,,B038,,Restatement,rephrasing an earlier sentence,,
c004,308,⏎    2.,B036,,Planning,local plan,,,B036,,Planning,local plan,,,B032,,Planning,local plan,,,B038,,Planning,local plan,,
c004,309,Observe missing constraint:,B036,,Planning,local plan,,,B036,,Planning,local plan,,,B032,,Planning,local plan,,,B038,,Planning,local plan,,
c004,310,The famous version includes $y = x + 1.00$.,B036,,Knowledge,world knowledge,famous problem (CRT),,B036,,Restatement,rephrasing an earlier sentence,,,B032,,Knowledge,world knowledge,famous problem (CRT),,B038,,Restatement,rephrasing an earlier sentence,,
c004,311,This text does not have it.,B036,,Reasoning,comparison,prompt vs original text,,B036,,Restatement,rephrasing an earlier sentence,,,B032,,Reasoning,comparison,prompt vs original text,,B038,,Restatement,rephrasing an earlier sentence,,
c004,312,⏎    3.,B036,,Planning,local plan,,,B036,,Planning,local plan,,,B032,,Planning,local plan,,,B038,,Planning,local plan,,
c004,313,Consequence:,B036,,Planning,local plan,,,B036,,Planning,local plan,,,B032,,Planning,local plan,,,B038,,Planning,local plan,,
c004,314,"$x$ can be any value in the range $(0, 0.55)$.",B036,,Conclusion,intermediate conclusion,,,B036,,Restatement,rephrasing an earlier sentence,,,B032,,Reasoning,logical reasoning,algebra,,B038,,Restatement,rephrasing an earlier sentence,,
c004,315,⏎    4.,B036,,Planning,local plan,,,B036,,Planning,local plan,,,B032,,Planning,local plan,,,B038,,Planning,local plan,,
c004,316,Evaluate (A):,B036,,Planning,local plan,,,B036,,Planning,local plan,,,B032,,Planning,local plan,,,B038,,Planning,local plan,,
c004,317,Claims $x$ is definitely 0.05.,B036,,Reasoning,option evaluation,(A),,B036,,Restatement,rephrasing an earlier sentence,,,B032,,Reasoning,option evaluation,(A),,B038,,Restatement,rephrasing the prompt,option text,
c004,318,Incorrect.,B036,,Reasoning,option evaluation,(A),,B036,,Restatement,rephrasing an earlier sentence,,,B032,,Reasoning,option evaluation,(A),,B038,,Reflection,meta-evaluation of a step,option (A),
c004,319,⏎    5.,B036,,Planning,local plan,,,B036,,Planning,local plan,,,B032,,Planning,local plan,,,B038,,Planning,local plan,,
c004,320,Evaluate (C):,B036,,Planning,local plan,,,B036,,Planning,local plan,,,B032,,Planning,local plan,,,B038,,Planning,local plan,,
c004,321,Claims info is insufficient (Correct) but guesses intent is 0.05 (Correct context).,B036,,Reasoning,option evaluation,(C),,B036,,Restatement,rephrasing an earlier sentence,,,B032,,Reasoning,option evaluation,(C),,B038,,Reasoning,option evaluation,(C),
c004,322,⏎    6.,B036,,Planning,local plan,,,B036,,Planning,local plan,,,B032,,Planning,local plan,,,B038,,Planning,local plan,,
c004,323,Selection:,B036,,Planning,local plan,,,B036,,Planning,local plan,,,B032,,Planning,local plan,,,B038,,Planning,local plan,,
c004,324,(C).,B036,,Conclusion,intermediate conclusion,,,B036,,Conclusion,intermediate conclusion,,,B032,,Conclusion,intermediate conclusion,,,B038,,Conclusion,intermediate conclusion,,
c004,325,⏎⏎    One distinct possibility:,B037,yes,Planning,global plan,,,B037,yes,Planning,initiate backtracking,,,B033,yes,Planning,initiate verification,,,B039,yes,Planning,initiate verification,,
c004,326,"⏎    Is it possible that ""A bat and a ball"" refers to the specific items where ""A bat"" is a standard baseball bat and ""A ball"" is a standard baseball ball?",B037,,Reasoning,logical reasoning,,,B037,,Reasoning,commonsense reasoning,,,B033,,Reasoning,commonsense reasoning,,,B039,,Reasoning,commonsense reasoning,,
c004,327,"⏎    No, prices vary too much.",B037,,Reasoning,logical reasoning,,,B037,,Reasoning,commonsense reasoning,,,B033,,Reasoning,commonsense reasoning,,,B039,,Reasoning,commonsense reasoning,,
c004,328,⏎    Is it possible that currency constraints apply?,B038,yes,Planning,initiate verification,,,B037,,Reasoning,calculation,algebra,,B034,yes,Planning,initiate verification,,,B039,,Reasoning,logical reasoning,,
c004,329,"⏎    Even with cents, 54 solutions exist.",B038,,Reasoning,calculation,,,B037,,Reasoning,calculation,algebra,,B034,,Reasoning,calculation,,,B039,,Reasoning,logical reasoning,,
c004,330,⏎⏎    **Final Answer Formulation:**,B039,yes,Planning,global plan,,,B038,yes,Planning,global plan,,,B035,yes,Planning,global plan,,,B040,yes,Planning,global plan,,
c004,331,"⏎    The problem is a variation of a famous logic puzzle (the Cognitive Reflection Test), but the text provided is missing a crucial constraint found in the original puzzle.",B039,,Restatement,rephrasing an earlier sentence,,,B038,,Restatement,rephrasing an earlier sentence,,,B035,,Knowledge,world knowledge,famous problem (CRT),,B040,,Restatement,rephrasing an earlier sentence,,
c004,332,⏎    Original:,B039,,Planning,local plan,,,B038,,Planning,local plan,,,B035,,Planning,local plan,,,B040,,Planning,local plan,,
c004,333,"""The bat costs \$1.00 **more than** the ball.""",B039,,Knowledge,world knowledge,famous problem (CRT),,B038,,Restatement,rephrasing an earlier sentence,,,B035,,Knowledge,world knowledge,famous problem (CRT),,B040,,Knowledge,world knowledge,famous problem (CRT),
c004,334,⏎    Provided Text:,B039,,Planning,local plan,,,B038,,Planning,local plan,,,B035,,Planning,local plan,,,B040,,Planning,local plan,,
c004,335,"""The bat costs **more than** the ball.""",B039,,Restatement,rephrasing the prompt,question text,,B038,,Restatement,rephrasing the prompt,question text,,B035,,Restatement,rephrasing the prompt,question text,,B040,,Restatement,rephrasing the prompt,question text,
c004,336,"⏎    Without the specific dollar amount difference, there are multiple possible solutions.",B039,,Conclusion,intermediate conclusion,,,B038,,Restatement,rephrasing an earlier sentence,,,B035,,Reasoning,logical reasoning,algebra,,B040,,Restatement,rephrasing an earlier sentence,,
c004,337,"For example, if the ball costs \$0.01, the bat costs \$1.09 (Total \$1.10, Bat > Ball).",B039,,Example,non-exhaustive listing,algebra,,B038,,Restatement,rephrasing an earlier sentence,,,B035,,Example,non-exhaustive listing,algebra,,B040,,Example,non-exhaustive listing,algebra,
c004,338,"If the ball costs \$0.05, the bat costs \$1.05 (Total \$1.10, Bat > Ball).",B039,,Example,non-exhaustive listing,algebra,,B038,,Restatement,rephrasing an earlier sentence,,,B035,,Example,non-exhaustive listing,algebra,,B040,,Example,non-exhaustive listing,algebra,
c004,339,"⏎    Since there is not enough information to pinpoint a single unique price, but the question is structurally identical to the riddle where the answer is \$0.05, Option (C) is the most accurate description of the situation.",B039,,Reasoning,option evaluation,(C),,B038,,Restatement,rephrasing an earlier sentence,,,B035,,Conclusion,intermediate conclusion,,,B040,,Conclusion,intermediate conclusion,,
c004,340,"⏎⏎    Wait, I should check if there's any weird interpretation of ""A bat"" (vampire?) vs ""A ball"" (dance?).",B040,yes,Planning,initiate verification,,,B039,yes,Planning,initiate verification,,,B036,yes,Planning,initiate verification,,,B041,yes,Planning,initiate backtracking,,
c004,341,"No, context implies sports equipment.",B040,,Reasoning,logical reasoning,,,B039,,Reasoning,commonsense reasoning,,,B036,,Reasoning,commonsense reasoning,,,B041,,Reasoning,commonsense reasoning,,
c004,342,"⏎⏎    Let's double check if ""more than"" in some dialects implies ""significantly more"" or ""double""?",B041,yes,Planning,initiate verification,,,B040,yes,Planning,initiate verification,,,B037,yes,Planning,initiate verification,,,B042,yes,Planning,initiate verification,,
c004,343,No.,B041,,Reasoning,logical reasoning,,,B040,,Reasoning,logical reasoning,,,B037,,Reasoning,commonsense reasoning,,,B042,,Reasoning,logical reasoning,,
c004,344,⏎⏎    Final check on options.,B042,yes,Planning,global plan,,,B041,yes,Planning,initiate verification,,,B038,yes,Planning,initiate verification,,,B043,yes,Planning,global plan,,
c004,345,⏎    (A) It is $0.05 - False (not unique).,B042,,Reflection,meta-evaluation of a step,option (A),,B041,,Reasoning,option evaluation,(A),,B038,,Reflection,meta-evaluation of a step,option (A),,B043,,Reflection,meta-evaluation of a step,option (A),
c004,346,⏎    (B) It is probably $0.05 - Vague.,B042,,Reflection,meta-evaluation of a step,option (B),,B041,,Reflection,meta-evaluation of a step,option (B),,B038,,Reflection,meta-evaluation of a step,option (B),,B043,,Reflection,meta-evaluation of a step,option (B),
c004,347,"⏎    (C) There is not enough information, but the answer is most likely $0.05 - Accurate analysis of text + context.",B042,,Reflection,meta-evaluation of a step,option (C),,B041,,Reasoning,option evaluation,(C),,B038,,Reflection,meta-evaluation of a step,option (C),,B043,,Reflection,meta-evaluation of a step,option (C),
c004,348,⏎    (D) I am not sure - Weak.,B042,,Reflection,meta-evaluation of a step,option (D),,B041,,Reflection,meta-evaluation of a step,option (D),,B038,,Reflection,meta-evaluation of a step,option (D),,B043,,Reflection,meta-evaluation of a step,option (D),
c004,349,"⏎    (E) The question is not well posed - True, but (C) is more specific and helpful.",B042,,Reflection,meta-evaluation of a step,option (E),,B041,,Reasoning,comparison,option vs option,,B038,,Reflection,meta-evaluation of a step,option (E),,B043,,Reflection,meta-evaluation of a step,option (E),
c004,350,⏎    (F) None of the above - Unnecessary.,B042,,Reflection,meta-evaluation of a step,option (F),,B041,,Reflection,meta-evaluation of a step,option (F),,B038,,Reflection,meta-evaluation of a step,option (F),,B043,,Reflection,meta-evaluation of a step,option (F),
c004,351,⏎⏎    Choice is (C).,B042,,Conclusion,intermediate conclusion,,,B041,,Conclusion,intermediate conclusion,,,B038,,Conclusion,intermediate conclusion,,,B043,,Conclusion,intermediate conclusion,,
c004,352,"⏎⏎    **Wait, looking at the options again.**",B043,yes,Planning,initiate backtracking,,,B042,yes,Planning,initiate verification,,,B039,yes,Planning,initiate verification,,,B044,yes,Planning,initiate backtracking,,
c004,353,"⏎    (C) ""There is not enough information, but the answer is most likely $0.05""",B043,,Restatement,rephrasing the prompt,option text,,B042,,Restatement,rephrasing the prompt,option text,,B039,,Restatement,rephrasing the prompt,option text,,B044,,Restatement,rephrasing the prompt,option text,
c004,354,"⏎    This is a very specific, wordy option.",B043,,Reflection,meta-evaluation of a step,option (C),,B042,,Reflection,meta-evaluation of a step,option (C),,B039,,Reflection,meta-evaluation of a step,option (C),,B044,,Reflection,meta-evaluation of a step,option (C),
c004,355,"In multiple choice design, the specific, nuanced option is usually the correct one when the question contains a trick or a missing variable.",B043,,Reasoning,logical reasoning,,,B042,,Knowledge,commonsense,,,B039,,Reasoning,logical reasoning,,,B044,,Knowledge,commonsense,,
c004,356,"⏎⏎    If the question was the standard riddle, the options would likely be:",B044,yes,Planning,initiate verification,,,B043,yes,Assumption,branching (case split),,,B040,yes,Planning,initiate verification,,,B045,yes,Assumption,branching (case split),,
c004,357,⏎    A) $0.10,B044,,Example,rhetorical example,,,B043,,Example,rhetorical example,,,B040,,Example,non-exhaustive listing,algebra,,B045,,Example,rhetorical example,,
c004,358,⏎    B) $0.05,B044,,Example,rhetorical example,,,B043,,Example,rhetorical example,,,B040,,Example,non-exhaustive listing,algebra,,B045,,Example,rhetorical example,,
c004,359,⏎    C) $1.00,B044,,Example,rhetorical example,,,B043,,Example,rhetorical example,,,B040,,Example,non-exhaustive listing,algebra,,B045,,Example,rhetorical example,,
c004,360,⏎    D) $0.55,B044,,Example,rhetorical example,,,B043,,Example,rhetorical example,,,B040,,Example,non-exhaustive listing,algebra,,B045,,Example,rhetorical example,,
c004,361,⏎⏎    The fact that the options are about the *meta-nature* of the problem confirms that the missing text is the key to the question.,B044,,Reasoning,logical reasoning,,,B043,,Reasoning,speculation,intent of the question writer,,B040,,Reasoning,logical reasoning,,,B045,,Reasoning,speculation,intent of the question writer,
c004,362,⏎⏎    **One final sanity check:**,B045,yes,Planning,global plan,,,B044,yes,Planning,initiate verification,,,B041,yes,Planning,initiate verification,,,B046,yes,Planning,initiate verification,,
c004,363,"⏎    Is it possible that ""The bat costs more than the ball"" is a constraint that, combined with ""A bat and a ball cost $1.10"", somehow restricts it to one solution?",B045,,Planning,initiate verification,,,B044,,Reasoning,logical reasoning,,,B041,,Reasoning,logical reasoning,,,B046,,Reasoning,logical reasoning,algebra,
c004,364,"⏎    Only if ""more than"" implies a specific integer increment?",B045,,Reasoning,logical reasoning,algebra,,B044,,Reasoning,logical reasoning,,,B041,,Reasoning,logical reasoning,algebra,,B046,,Reasoning,logical reasoning,algebra,
c004,365,No.,B045,,Reasoning,logical reasoning,algebra,,B044,,Reasoning,logical reasoning,,,B041,,Reasoning,logical reasoning,algebra,,B046,,Reasoning,logical reasoning,algebra,
c004,366,⏎    Only if prices must be integers?,B046,yes,Planning,initiate verification,,,B044,,Reasoning,calculation,algebra,,B041,,Reasoning,logical reasoning,algebra,,B046,,Reasoning,logical reasoning,algebra,
c004,367,(110 cents).,B046,,Reasoning,logical reasoning,algebra,,B044,,Reasoning,calculation,algebra,,B041,,Reasoning,calculation,algebra,,B046,,Reasoning,logical reasoning,algebra,
c004,368,"⏎    $x + y = 110$,",B046,,Reasoning,calculation,algebra,,B044,,Reasoning,defining symbols,algebra,,B041,,Reasoning,calculation,algebra,,B046,,Reasoning,calculation,algebra,
c004,369,$y > x$.,B046,,Reasoning,calculation,algebra,,B044,,Reasoning,defining symbols,algebra,,B041,,Reasoning,calculation,algebra,,B046,,Reasoning,calculation,algebra,
c004,370,"⏎    Pairs $(x, y)$:",B046,,Planning,local plan,,,B044,,Planning,local plan,,,B041,,Example,non-exhaustive listing,algebra,,B046,,Planning,local plan,,
c004,371,"$(1, 109), (2, 108), ..., (54, 56)$.",B046,,Reasoning,calculation,algebra,,B044,,Example,non-exhaustive listing,algebra,,B041,,Example,non-exhaustive listing,algebra,,B046,,Reasoning,calculation,algebra,
c004,372,⏎    54 solutions.,B046,,Reasoning,calculation,algebra,,B044,,Reasoning,calculation,algebra,,B041,,Conclusion,intermediate conclusion,,,B046,,Reasoning,calculation,algebra,
c004,373,⏎    Still not unique.,B046,,Conclusion,intermediate conclusion,,,B044,,Conclusion,intermediate conclusion,,,B041,,Conclusion,intermediate conclusion,,,B046,,Conclusion,intermediate conclusion,,
c004,374,"⏎⏎    Therefore, Answer is (C).",B047,yes,Conclusion,final answer,,,B045,yes,Conclusion,final answer,,,B042,yes,Conclusion,final answer,,,B047,yes,Conclusion,final answer,,
